STT,Trang thu thập,Tên công ty,Vị trí ứng tuyển,Yêu cầu bằng cấp,Yêu cầu kinh nghiệm,Địa điểm,Ngày đăng tuyển,Lương tối thiểu,Lương tối đa,Lương TB,Tên công việc
0,CareerLink,CÔNG TY CỔ PHẦN KINH DOANH F88,Nhân viên,Cử nhân,2,hà nội,2024-12-26,15000000.0,25000000.0,20000000.0,kỹ sư dữ liệu
1,CareerLink,CÔNG TY TNHH NITTO DENKO VIỆT NAM,Nhân viên,Cử nhân,0,bình dương,2024-12-26,,,,chuyên viên hỗ trợ kỹ thuật
2,CareerLink,CÔNG TY CỔ PHẦN KINH DOANH F88,Nhân viên,Cử nhân,3,hà nội,2024-12-26,15000000.0,25000000.0,20000000.0,nhà khoa học dữ liệu
3,CareerLink,CÔNG TY TNHH SEOJIN AUTO,Nhân viên,Cử nhân,1,bắc ninh,2024-12-26,,,,chuyên viên bảo mật thông tin
4,CareerLink,CÔNG TY CỔ PHẦN KINH DOANH F88,Nhân viên,Cử nhân,3,hà nội,2024-12-26,20000000.0,35000000.0,27500000.0,nhà phân tích dữ liệu
5,CareerLink,CÔNG TY TNHH QUICK VIỆT NAM,Quản lý / Trưởng phòng,Cử nhân,2,hồ chí minh,2024-12-26,62000000.0,75000000.0,68500000.0,kỹ sư phần mềm
6,CareerLink,CÔNG TY TNHH SEOJIN AUTO,Nhân viên,Cử nhân,1,bắc ninh,2024-12-26,,,,chuyên viên bảo mật thông tin
7,CareerLink,CÔNG TY TNHH QUICK VIỆT NAM,Nhân viên,Cử nhân,2,hồ chí minh,2024-12-26,15000000.0,25000000.0,20000000.0,kỹ sư phần mềm
8,CareerLink,Công ty TNHH Điện Tử Sumida Việt Nam,Nhân viên,Cử nhân,1,hải phòng,2024-12-26,12000000.0,13000000.0,12500000.0,chuyên viên hỗ trợ kỹ thuật
10,CareerLink,CareerLink's Client,Nhân viên,Cử nhân,2,hồ chí minh nhật bản,2024-12-26,,,,kỹ sư thiết kế
11,CareerLink,Công Ty Cổ Phần Funtap,Trưởng nhóm / Giám sát,Cử nhân,2,hà nội,2024-12-26,,,,kỹ sư phần mềm
12,CareerLink,CareerLink's Client,Nhân viên,Cử nhân,2,hồ chí minh,2024-12-26,13000000.0,27000000.0,20000000.0,kỹ sư kiểm thử phần mềm
13,CareerLink,Công Ty Cổ Phần Bán Lẻ Kỹ Thuật Số FPT,Nhân viên,Trung học,0,bạc liêu,2024-12-25,8000000.0,12000000.0,10000000.0,chuyên viên hỗ trợ kỹ thuật
14,CareerLink,CareerLink's Client,Nhân viên,Cử nhân,2,hà nội,2024-12-26,,,25000000.0,chuyên viên tư vấn cntt
15,CareerLink,CÔNG TY CỔ PHẦN KINH DOANH F88,Nhân viên,Cử nhân,1,hà nội,2024-12-25,0.0,0.0,0.0,kỹ sư phần mềm
17,CareerLink,CÔNG TY CỔ PHẦN KINH DOANH F88,Nhân viên,Cử nhân,1,hà nội,2024-12-25,0.0,0.0,0.0,chuyên viên bảo mật thông tin
18,CareerLink,Công Ty Cổ Phần Funtap,Nhân viên,Cử nhân,2,hà nội,2024-12-25,,,,kỹ sư hệ thống
19,CareerLink,Tập Đoàn Vàng Bạc Đá Quý DOJI,Quản lý / Trưởng phòng,Cử nhân,3,hà nội,2024-12-25,,,,trưởng bộ phận chuyển đổi số
21,CareerLink,Công ty TNHH Coretronic Việt Nam,Kỹ thuật viên / Kỹ sư,Cử nhân,1,bà rịa - vũng tàu,2024-12-25,,,,công nghệ thông tin
22,CareerLink,Công Ty Cổ Phần Funtap,Nhân viên,Cử nhân,0,hà nội,2024-12-25,10000000.0,,,vận hành
25,CareerLink,Công ty TNHH May Mặc Alliance One,Nhân viên,Cử nhân,1,bến tre,2024-12-25,,,,kỹ sư kiểm thử phần mềm
26,CareerLink,CÔNG TY CỔ PHẦN SUN.STUDIO,Nhân viên,Cử nhân,2,hồ chí minh,2024-12-25,14000000.0,25000000.0,19500000.0,nhà thiết kế
27,CareerLink,CareerLink's Client,Nhân viên,Cử nhân,1,hồ chí minh,2024-12-25,32000000.0,37000000.0,34500000.0,chuyên viên tư vấn cntt
28,CareerLink,Công Ty Cổ Phần Tập Đoàn Omi (OmiGroup),Nhân viên,Cử nhân,1,hà nội,2024-12-25,,,,kỹ sư phần mềm
31,CareerLink,Bureau Veritas Consumer Products Services Việt Nam,Nhân viên,Cử nhân,1,hồ chí minh,2024-12-25,,,,kỹ sư phần mềm
32,CareerLink,PILGRIMAGE VILLAGE HUẾ BOUTIQUE RESORT & SPA,Trưởng nhóm / Giám sát,Cử nhân,2,thừa thiên - huế,2024-12-25,10000000.0,15000000.0,12500000.0,công nghệ thông tin
33,CareerLink,FPT Telecom,Nhân viên,Cử nhân,1,hồ chí minh,2024-12-25,15000000.0,18000000.0,16500000.0,nhà thiết kế
34,CareerLink,PILGRIMAGE VILLAGE HUẾ BOUTIQUE RESORT & SPA,Trưởng nhóm / Giám sát,Cử nhân,2,thừa thiên - huế,2024-12-25,10000000.0,15000000.0,12500000.0,công nghệ thông tin
35,CareerLink,CareerLink's Client,Nhân viên,Cử nhân,2,hà nội,2024-12-25,,,,công nghệ thông tin
36,CareerLink,Công Ty Cổ Phần Funtap,Nhân viên,Cử nhân,2,hà nội,2024-12-25,,,,chuyên viên vận hành
38,CareerLink,Công Ty TNHH Khóa Huy Hoàng,Nhân viên,Cử nhân,1,hà nội,2024-12-24,15000000.0,18000000.0,16500000.0,kỹ sư hệ thống
39,CareerLink,CareerLink's Client,Nhân viên,Cử nhân,1,hồ chí minh,2024-12-25,15000000.0,20000000.0,17500000.0,công nghệ thông tin
40,CareerLink,CÔNG TY CỔ PHẦN CTS,Nhân viên,Trung cấp,1,hồ chí minh,2024-12-26,9000000.0,15000000.0,12000000.0,nhà thiết kế
43,CareerLink,CÔNG TY TNHH DAEYEONG VINA,Nhân viên,Cử nhân,2,đồng nai,2024-12-24,,,,công nghệ thông tin
44,CareerLink,Tổng Công Ty Cổ Phần Địa Ốc Sài Gòn – SAIGONRES Group,Nhân viên,Cử nhân,1,hồ chí minh,2024-12-25,0.0,0.0,0.0,kỹ sư phần mềm
45,CareerLink,CÔNG TY TNHH DAEYEONG VINA,Nhân viên,Cử nhân,1,đồng nai,2024-12-25,15000000.0,,,công nghệ thông tin
46,CareerLink,TRƯỜNG ĐẠI HỌC KINH TẾ TÀI CHÍNH TP.HCM,Quản lý / Trưởng phòng,thạc sĩ,2,hồ chí minh,2024-12-24,,,,công nghệ thông tin
47,CareerLink,Công Ty TNHH Thương Mại NTB Pharma New,Nhân viên,Trung cấp,2,hà nội,2024-12-24,,,,chuyên viên hỗ trợ kỹ thuật
48,CareerLink,Công Ty Cổ Phần Bán Lẻ Kỹ Thuật Số FPT,Mới đi làm,Trung cấp,0,hưng yên,2024-12-24,7000000.0,10000000.0,8500000.0,chuyên viên hỗ trợ kỹ thuật
49,CareerLink,Công Ty Cổ Phần Bán Lẻ Kỹ Thuật Số FPT,Nhân viên,Trung học,0,quảng ngãi,2024-12-24,5000000.0,9000000.0,7000000.0,chuyên viên hỗ trợ kỹ thuật
50,CareerLink,Công Ty Cổ Phần Bán Lẻ Kỹ Thuật Số FPT,Nhân viên,Trung học,0,hà nội,2024-12-24,8000000.0,15000000.0,11500000.0,chuyên viên hỗ trợ kỹ thuật
51,CareerLink,CÔNG TY CỔ PHẦN KINH DOANH F88,Nhân viên,Cử nhân,2,hà nội,2024-12-24,,,,kỹ sư kiểm thử phần mềm
52,CareerLink,Công Ty Cổ Phần Bán Lẻ Kỹ Thuật Số FPT,Nhân viên,Trung học,0,kiên giang,2024-12-24,8000000.0,12000000.0,10000000.0,chuyên viên hỗ trợ kỹ thuật
53,CareerLink,TRƯỜNG ĐẠI HỌC KINH TẾ TÀI CHÍNH TP.HCM,Nhân viên,thạc sĩ,2,hồ chí minh,2024-12-23,,,,kỹ sư phần mềm
54,CareerLink,Công Ty Cổ Phần Bán Lẻ Kỹ Thuật Số FPT,Nhân viên,Trung học,0,gia lai,2024-12-23,6000000.0,11000000.0,8500000.0,chuyên viên hỗ trợ kỹ thuật
55,CareerLink,TRƯỜNG ĐẠI HỌC KINH TẾ TÀI CHÍNH TP.HCM,Nhân viên,thạc sĩ,2,hồ chí minh,2024-12-23,,,,giảng viên
56,CareerLink,CÔNG TY CỔ PHẦN TRUYỀN THÔNG VÀNG CHÂU Á,Nhân viên,Cử nhân,1,hồ chí minh,2024-12-25,12000000.0,15000000.0,13500000.0,chuyên viên hỗ trợ kỹ thuật
57,CareerLink,TRƯỜNG ĐẠI HỌC KINH TẾ TÀI CHÍNH TP.HCM,Nhân viên,thạc sĩ,1,hồ chí minh,2024-12-24,,,,nhà khoa học dữ liệu
58,CareerLink,Công Ty Cổ Phần Funtap,Nhân viên,Cử nhân,1,hà nội,2024-12-23,,,,kỹ sư phần mềm
59,CareerLink,TRƯỜNG ĐẠI HỌC KINH TẾ TÀI CHÍNH TP.HCM,Nhân viên,thạc sĩ,1,hồ chí minh,2024-12-23,,,,công nghệ thông tin
61,CareerLink,Công ty TNHH May Mặc Alliance One,Nhân viên,Cử nhân,2,bến tre,2024-12-23,,,,công nghệ thông tin
62,CareerLink,Công Ty Cổ Phần Funtap,Nhân viên,Cử nhân,1,hà nội,2024-12-23,,,,công nghệ thông tin
63,CareerLink,CÔNG TY CỔ PHẦN ĐẦU TƯ VÀ DỊCH VỤ SAIGON REAL,Nhân viên,Cử nhân,1,hồ chí minh,2024-12-24,,,,nhà thiết kế
64,CareerLink,Công Ty Cổ Phần Funtap,Nhân viên,Cử nhân,1,hà nội,2024-12-23,,,,nhà thiết kế
65,CareerLink,CÔNG TY CỔ PHẦN TẬP ĐOÀN AUSTDOOR,Nhân viên,Cử nhân,2,hà nội,2024-12-23,20000000.0,30000000.0,25000000.0,chuyên viên tư vấn cntt
66,CareerLink,Công Ty Cổ Phần Funtap,Nhân viên,Cử nhân,1,hà nội,2024-12-23,13000000.0,20000000.0,16500000.0,kỹ sư phần mềm
67,CareerLink,Công Ty TNHH Becamex Tokyu,Nhân viên,Cử nhân,1,bình dương,2024-12-24,,,,chuyên viên hỗ trợ kỹ thuật
68,CareerLink,Công Ty Cổ Phần Funtap,Nhân viên,Cử nhân,2,hà nội,2024-12-23,,,,kỹ sư mạng
69,CareerLink,CÔNG TY CỔ PHẦN SYNOPEX VIỆT NAM,Nhân viên,Cử nhân,1,bắc ninh,2024-12-23,,,,kỹ sư phần mềm
71,CareerLink,VIETNAM CONCENTRIX SERVICES COMPANY LIMITED,Quản lý cấp cao,Cử nhân,3,hồ chí minh,2024-12-23,,,,kỹ sư phần mềm
72,CareerLink,Công Ty Cổ Phần Funtap,Nhân viên,Cử nhân,3,hà nội,2024-12-23,,,,scrum master
73,CareerLink,CareerLink's Client,Quản lý / Trưởng phòng,Cử nhân,2,hồ chí minh,2024-12-24,62000000.0,125000000.0,93500000.0,kỹ sư phần mềm
74,CareerLink,VIA ENGLISH ACADEMY,Quản lý / Trưởng phòng,Cử nhân,3,hồ chí minh,2024-12-26,,,,công nghệ thông tin
75,CareerLink,VIETNAM CONCENTRIX SERVICES COMPANY LIMITED,Nhân viên,Trung học,3,hồ chí minh,2024-12-23,,,,nhà phân tích dữ liệu
76,CareerLink,VIA ENGLISH ACADEMY,Nhân viên,Trung cấp,2,hồ chí minh,2024-12-26,,,,kỹ sư kiểm thử phần mềm
77,CareerLink,CareerLink's Client,Nhân viên,Cử nhân,2,hà nội,2024-12-20,,,,kỹ sư phần mềm
78,CareerLink,CÔNG TY CỔ PHẦN DỊCH VỤ KỸ THUẬT MOBIFONE,Kỹ thuật viên / Kỹ sư,kỹ sư,0,đăk nông,2024-12-20,6000000.0,6500000.0,6250000.0,kỹ sư mạng
79,CareerLink,CareerLink's Client,Nhân viên,Cử nhân,2,hồ chí minh,2024-12-20,25000000.0,35000000.0,30000000.0,nhà thiết kế
80,CareerLink,Công Ty TNHH Thương Mại Công Nghệ Anh Minh,Kỹ thuật viên / Kỹ sư,Cử nhân,1,hồ chí minh,2024-12-24,0.0,0.0,0.0,kỹ sư phần mềm
81,CareerLink,Công ty TNHH Elentec Việt Nam,Nhân viên,Cử nhân,1,hà nội,2024-12-24,,,,chuyên viên hỗ trợ kỹ thuật
83,CareerLink,Công Ty Cổ Phần Bán Lẻ Kỹ Thuật Số FPT,Nhân viên,Trung học,0,hà nội,2024-12-23,7000000.0,10000000.0,8500000.0,chuyên viên hỗ trợ kỹ thuật
84,CareerLink,Công Ty Cổ Phần Bán Lẻ Kỹ Thuật Số FPT,Nhân viên,Trung học,0,kiên giang,2024-12-20,8000000.0,12000000.0,10000000.0,chuyên viên hỗ trợ kỹ thuật
85,CareerLink,Công Ty Cổ Phần Funtap,Nhân viên,Cử nhân,0,hà nội,2024-12-24,,,,vận hành
86,CareerLink,Công Ty Cổ Phần Bán Lẻ Kỹ Thuật Số FPT,Nhân viên,Trung cấp,0,quảng bình,2024-12-25,8000000.0,15000000.0,11500000.0,kỹ thuật viên
88,CareerLink,Công Ty Cổ Phần Bán Lẻ Kỹ Thuật Số FPT,Nhân viên,Trung học,0,kiên giang,2024-12-21,8000000.0,12000000.0,10000000.0,chuyên viên hỗ trợ kỹ thuật
90,CareerLink,Công Ty Cổ Phần Bán Lẻ Kỹ Thuật Số FPT,Nhân viên,Trung học,0,kiên giang,2024-12-22,8000000.0,12000000.0,10000000.0,chuyên viên hỗ trợ kỹ thuật
92,CareerLink,Công Ty Cổ Phần Bán Lẻ Kỹ Thuật Số FPT,Nhân viên,Trung cấp,0,hà nội,2024-12-22,8000000.0,15000000.0,11500000.0,chuyên viên hỗ trợ kỹ thuật
93,CareerLink,Công Ty Cổ Phần Funtap,Quản lý / Trưởng phòng,Cử nhân,3,hà nội,2024-12-20,,,,qa manager
95,CareerLink,TRƯỜNG ĐẠI HỌC YERSIN ĐÀ LẠT,Nhân viên,thạc sĩ,1,lâm đồng,2024-12-20,7000000.0,,,công nghệ thông tin
96,CareerLink,Công ty TNHH Sản xuất Toàn Cầu LIXIL Việt Nam,Nhân viên,Cử nhân,0,đồng nai,2024-12-23,0.0,0.0,0.0,công nghệ thông tin
97,CareerLink,CareerLink's Client,Kỹ thuật viên / Kỹ sư,Cử nhân,2,hồ chí minh,2024-12-20,50000000.0,57000000.0,53500000.0,chuyên viên tư vấn cntt
98,CareerLink,CareerLink's Client,Nhân viên,Cử nhân,2,hồ chí minh,2024-12-20,10000000.0,15000000.0,12500000.0,kỹ sư phần mềm
100,CareerLink,FPT Telecom,Sinh viên / Thực tập sinh,Cử nhân,1,hồ chí minh,2024-12-25,7000000.0,10000000.0,8500000.0,nhà phân tích dữ liệu
101,CareerLink,Công Ty Cổ Phần Tập Đoàn Omi (OmiGroup),Nhân viên,Cử nhân,1,hà nội,2024-12-19,,,,kỹ sư phần mềm
102,CareerLink,VIETNAM CONCENTRIX SERVICES COMPANY LIMITED,Trưởng nhóm / Giám sát,Trung học,1,hồ chí minh,2024-12-19,,,,chuyên viên phát triển ứng dụng web
103,CareerLink,Công Ty Cổ Phần Tập Đoàn Omi (OmiGroup),Nhân viên,Cử nhân,3,hà nội,2024-12-24,,,,kỹ sư phần mềm
104,CareerLink,CÔNG TY CỔ PHẦN TẬP ĐOÀN KHOA HỌC CÔNG NGHỆ BÁCH KHOA,Nhân viên,Cử nhân,2,hồ chí minh,2024-12-19,,,,kỹ sư phần mềm
105,CareerLink,Công Ty Cổ Phần Tập Đoàn Omi (OmiGroup),Nhân viên,Cử nhân,2,hà nội,2024-12-23,,,,kỹ sư phần mềm
106,CareerLink,Công Ty Cổ Phần Dược Phẩm FPT Long Châu,Nhân viên,Cử nhân,2,hồ chí minh,2024-12-24,,,,nhà thiết kế
107,CareerLink,Công Ty Cổ Phần Tập Đoàn Omi (OmiGroup),Nhân viên,Cử nhân,2,hà nội,2024-12-19,,,,kỹ sư phần mềm
108,CareerLink,VIETNAM CONCENTRIX SERVICES COMPANY LIMITED,Nhân viên,Trung học,1,hồ chí minh,2024-12-24,,,,chuyên viên phát triển ứng dụng web
109,CareerLink,CÔNG TY CỔ PHẦN TẬP ĐOÀN KHOA HỌC CÔNG NGHỆ BÁCH KHOA,Nhân viên,kỹ sư,2,hồ chí minh,2024-12-19,,,,công nghệ thông tin
110,CareerLink,CÔNG TY CỔ PHẦN NÔNG NGHIỆP TRƯỜNG HẢI,Nhân viên,Cử nhân,2,gia lai,2024-12-19,0.0,0.0,0.0,công nghệ thông tin
111,CareerLink,CÔNG TY TNHH THỜI TRANG SÀI GÒN XUÂN HOÀ,Nhân viên,Trung cấp,1,hồ chí minh,2024-12-25,,,,chuyên viên hỗ trợ kỹ thuật
112,CareerLink,CÔNG TY CỔ PHẦN THƯƠNG MẠI VÀ DỊCH VỤ EMALL,Mới đi làm,Cử nhân,0,hồ chí minh,2024-12-25,,,,công nghệ thông tin
113,CareerLink,CareerLink's Client,Nhân viên,Cử nhân,2,hà nội,2024-12-25,,,,kỹ sư cơ sở dữ liệu
114,CareerLink,CareerLink's Client,Trưởng nhóm / Giám sát,Cử nhân,3,hải phòng,2024-12-18,,,,chuyên viên tư vấn cntt
115,CareerLink,Công Ty Cổ Phần Bán Lẻ Kỹ Thuật Số FPT,Nhân viên,Trung học,0,ninh thuận,2024-12-25,6000000.0,10000000.0,8000000.0,chuyên viên hỗ trợ kỹ thuật
116,CareerLink,Công Ty Cổ Phần Bán Lẻ Kỹ Thuật Số FPT,Nhân viên,Trung học,0,tiền giang,2024-12-18,8000000.0,12000000.0,10000000.0,chuyên viên hỗ trợ kỹ thuật
117,CareerLink,CÔNG TY CỔ PHẦN SYNOPEX VIỆT NAM,Nhân viên,Cử nhân,1,bắc ninh,2024-12-24,,,,kỹ sư phần mềm
118,CareerLink,Công Ty Cổ Phần Bán Lẻ Kỹ Thuật Số FPT,Nhân viên,Trung học,0,gia lai,2024-12-18,5000000.0,9000000.0,7000000.0,chuyên viên hỗ trợ kỹ thuật
119,CareerLink,Công Ty Cổ Phần Funtap,Nhân viên,Cử nhân,3,hà nội,2024-12-17,,,,kỹ sư phần mềm
120,CareerLink,CÔNG TY TNHH BOK VIỆT NAM,Kỹ thuật viên / Kỹ sư,Cử nhân,2,hà nội,2024-12-19,,,,kỹ sư phần mềm
121,CareerLink,CÔNG TY TRÁCH NHIỆM HỮU HẠN SÀI GÒN PRECISION,Quản lý / Trưởng phòng,Cử nhân,1,hồ chí minh,2024-12-25,,,,nhà phân tích dữ liệu
122,CareerLink,Công Ty Cổ Phần Bán Lẻ Kỹ Thuật Số FPT,Nhân viên,Trung học,0,đồng tháp,2024-12-18,8000000.0,12000000.0,10000000.0,chuyên viên hỗ trợ kỹ thuật
123,CareerLink,Công Ty Cổ Phần Bán Lẻ Kỹ Thuật Số FPT,Nhân viên,Trung học,0,quảng nam,2024-12-24,6000000.0,11000000.0,8500000.0,chuyên viên hỗ trợ kỹ thuật
124,CareerLink,Công Ty Cổ Phần Bán Lẻ Kỹ Thuật Số FPT,Nhân viên,Trung học,0,bắc giang,2024-12-17,7000000.0,10000000.0,8500000.0,chuyên viên hỗ trợ kỹ thuật
125,CareerLink,Công Ty Bánh Đồng Tiến Đà Nẵng,Kỹ thuật viên / Kỹ sư,Cử nhân,2,đà nẵng,2024-12-24,,,,kỹ sư học máy
126,CareerLink,Công Ty Cổ Phần Bán Lẻ Kỹ Thuật Số FPT,Nhân viên,Trung học,0,bắc giang,2024-12-17,7000000.0,12000000.0,9500000.0,chuyên viên hỗ trợ kỹ thuật
127,CareerLink,Công Ty Bánh Đồng Tiến Đà Nẵng,Nhân viên,Cử nhân,2,đà nẵng,2024-12-20,10000000.0,12000000.0,11000000.0,kỹ sư phần mềm
129,CareerLink,FPT Telecom,Nhân viên,Cử nhân,2,hồ chí minh,2024-12-18,,,,kỹ sư phần mềm
130,CareerLink,CareerLink's Client,Nhân viên,Cử nhân,2,hồ chí minh,2024-12-17,19000000.0,25000000.0,22000000.0,kỹ sư phần mềm
131,CareerLink,FPT Telecom,Sinh viên / Thực tập sinh,Cử nhân,0,hồ chí minh,2024-12-24,7000000.0,10000000.0,8500000.0,kỹ sư phần mềm
132,CareerLink,CÔNG TY TNHH QUICK VIỆT NAM,Nhân viên,Cử nhân,2,hồ chí minh,2024-12-19,25000000.0,35000000.0,30000000.0,kỹ sư phần mềm
133,CareerLink,Công Ty Cổ Phần Bán Lẻ Kỹ Thuật Số FPT,Nhân viên,Trung học,0,bắc giang,2024-12-16,7000000.0,10000000.0,8500000.0,chuyên viên hỗ trợ kỹ thuật
134,CareerLink,TRƯỜNG ĐẠI HỌC KINH TẾ TÀI CHÍNH TP.HCM,Quản lý / Trưởng phòng,thạc sĩ,2,hồ chí minh,2024-12-16,,,,công nghệ thông tin
135,CareerLink,Công Ty Cổ Phần Bán Lẻ Kỹ Thuật Số FPT,Nhân viên,Trung học,0,hà nội,2024-12-19,8000000.0,15000000.0,11500000.0,chuyên viên hỗ trợ kỹ thuật
137,CareerLink,TỔNG CÔNG TY CP DỆT MAY HÒA THỌ,Nhân viên,Cử nhân,1,đà nẵng,2024-12-25,,,20000000.0,kỹ sư phần mềm
138,CareerLink,Computime Limited,Nhân viên,Cử nhân,2,bình dương,2024-12-17,,,,kỹ sư phần mềm
139,CareerLink,Công Ty Cổ Phần Funtap,Nhân viên,Cử nhân,2,hà nội,2024-12-18,,,,kỹ sư kiểm thử phần mềm
140,CareerLink,CareerLink's Client,Nhân viên,Cử nhân,1,hà nội,2024-12-24,9000000.0,14000000.0,11500000.0,chuyên viên hỗ trợ kỹ thuật
141,CareerLink,Công Ty TNHH Thực Phẩm Thái Sơn,Nhân viên,Cử nhân,2,hồ chí minh,2024-12-25,,,,kỹ sư phần mềm
143,CareerLink,CareerLink's Client,Nhân viên,Cử nhân,2,bình dương,2024-12-18,,,,kỹ sư phần mềm
144,CareerLink,Công Ty Cổ Phần Bán Lẻ Kỹ Thuật Số FPT,Nhân viên,Trung học,0,gia lai,2024-12-14,6000000.0,10000000.0,8000000.0,chuyên viên hỗ trợ kỹ thuật
145,CareerLink,CÔNG TY CỔ PHẦN TẬP ĐOÀN AUSTDOOR,Nhân viên,Cử nhân,1,hà nội,2024-12-14,,,,nhà phân tích dữ liệu
146,CareerLink,Công Ty Cổ Phần Bán Lẻ Kỹ Thuật Số FPT,Nhân viên,Trung học,0,quảng ngãi,2024-12-14,6000000.0,9000000.0,7500000.0,chuyên viên hỗ trợ kỹ thuật
147,CareerLink,Công Ty Cổ Phần Funtap,Nhân viên,Cử nhân,2,hà nội,2024-12-17,,,,nhà thiết kế
148,CareerLink,Công Ty Cổ Phần Bán Lẻ Kỹ Thuật Số FPT,Nhân viên,Trung học,0,lâm đồng,2024-12-13,6000000.0,10000000.0,8000000.0,chuyên viên hỗ trợ kỹ thuật
149,CareerLink,Công Ty Cổ Phần Bán Lẻ Kỹ Thuật Số FPT,Nhân viên,Trung học,0,hậu giang,2024-12-23,7000000.0,12000000.0,9500000.0,chuyên viên hỗ trợ kỹ thuật
150,CareerLink,Công Ty Cổ Phần Bán Lẻ Kỹ Thuật Số FPT,Nhân viên,Trung học,0,hậu giang,2024-12-17,7000000.0,12000000.0,9500000.0,chuyên viên hỗ trợ kỹ thuật
152,CareerLink,CÔNG TY CỔ PHẦN SYNOPEX VIỆT NAM,Nhân viên,Trung cấp,0,bắc ninh,2024-12-23,,,,nhà thiết kế
153,CareerLink,CÔNG TY CỔ PHẦN SYNOPEX VIỆT NAM,Kỹ thuật viên / Kỹ sư,Cử nhân,2,bắc ninh,2024-12-13,,,,kỹ sư phần mềm
154,CareerLink,Công Ty Cổ Phần Tập Đoàn Omi (OmiGroup),Kỹ thuật viên / Kỹ sư,Cử nhân,2,nhật bản,2024-12-13,0.0,0.0,0.0,kỹ sư hệ thống
155,CareerLink,TRƯỜNG ĐẠI HỌC YERSIN ĐÀ LẠT,Nhân viên,tiến sĩ,1,lâm đồng,2024-12-13,,,,công nghệ thông tin
157,CareerLink,Công Ty Cổ Phần Tập Đoàn Omi (OmiGroup),Nhân viên,Cử nhân,2,nhật bản,2024-12-13,0.0,0.0,0.0,chuyên viên tư vấn cntt
158,CareerLink,Công Ty Cổ Phần Người Bạn Vàng,Nhân viên,Cử nhân,2,hồ chí minh,2024-12-20,,,,chuyên viên phát triển ứng dụng web
159,CareerLink,Công Ty Cổ Phần Tập Đoàn Omi (OmiGroup),Nhân viên,Cử nhân,2,hà nội nhật bản,2024-12-13,0.0,0.0,0.0,chuyên viên tư vấn cntt
161,CareerLink,CareerLink's Client,Trưởng nhóm / Giám sát,Trung cấp,3,hồ chí minh,2024-12-12,25000000.0,50000000.0,37500000.0,kỹ sư phần mềm
162,CareerLink,FPT Telecom,Nhân viên,Cử nhân,1,hồ chí minh,2024-12-25,,,,kỹ sư phần mềm
163,CareerLink,CareerLink's Client,Nhân viên,Cử nhân,1,đà nẵng,2024-12-18,,,,kỹ sư hệ thống
164,CareerLink,Công Ty Cổ Phần Người Bạn Vàng,Quản lý / Trưởng phòng,Cử nhân,3,hồ chí minh,2024-12-26,,,,công nghệ thông tin
165,CareerLink,Công Ty Cổ Phần Thực Phẩm Dinh Dưỡng NutiFood,Nhân viên,Cử nhân,0,hồ chí minh,2024-12-26,,,,kỹ sư hệ thống
166,CareerLink,Công Ty Cổ Phần Người Bạn Vàng,Nhân viên,Cử nhân,2,hồ chí minh,2024-12-26,,,,kỹ sư hệ thống
168,CareerLink,Innovature Consulting Ltd.,Nhân viên,Cử nhân,1,hồ chí minh,2024-12-23,0.0,0.0,0.0,kỹ sư hệ thống
169,CareerLink,Công Ty Cổ Phần Hanacans,Kỹ thuật viên / Kỹ sư,Cử nhân,2,bắc ninh,2024-12-19,12000000.0,20000000.0,16000000.0,công nghệ thông tin
170,CareerLink,Công Ty TNHH Taixin Printing Vina,Trưởng nhóm / Giám sát,Cử nhân,3,hà nội,2024-12-21,,,,quản lý dự án
171,CareerLink,Công Ty TNHH Taixin Printing Vina,Nhân viên,Trung cấp,1,hà nội,2024-12-11,,,,kỹ sư phần mềm
172,CareerLink,CÔNG TY TRÁCH NHIỆM HỮU HẠN SÀI GÒN PRECISION,Trưởng nhóm / Giám sát,Cử nhân,2,hồ chí minh,2024-12-15,,,,công nghệ thông tin
173,CareerLink,MyTeam VietNam Company Limited,Kỹ thuật viên / Kỹ sư,Cử nhân,2,đà nẵng,2024-12-13,25000000.0,50000000.0,37500000.0,kỹ sư phần mềm
174,CareerLink,Công Ty Cổ Phần Bán Lẻ Kỹ Thuật Số FPT,Nhân viên,Cử nhân,2,hồ chí minh,2024-12-22,,,,scrum master
175,CareerLink,CareerLink's Client,Nhân viên,Cử nhân,2,hải phòng,2024-12-17,15000000.0,20000000.0,17500000.0,kỹ sư phần mềm
176,CareerLink,Công Ty Cổ Phần Funtap,Nhân viên,Cử nhân,1,hà nội,2024-12-12,,,,nhà thiết kế
177,CareerLink,CareerLink's Client,Nhân viên,Cử nhân,1,hà nội,2024-12-17,12000000.0,25000000.0,18500000.0,kỹ sư hệ thống
180,CareerLink,Công Ty Cổ Phần Funtap,Nhân viên,Cử nhân,1,hà nội,2024-12-17,,,,kỹ sư kiểm thử phần mềm
181,CareerLink,Công ty TNHH transcosmos Vietnam,Nhân viên,Cử nhân,0,hà nội,2024-12-10,10000000.0,15000000.0,12500000.0,kỹ sư phần mềm
182,CareerLink,Công Ty Cổ Phần Bán Lẻ Kỹ Thuật Số FPT,Nhân viên,Trung học,0,quảng ngãi,2024-12-12,6000000.0,10000000.0,8000000.0,chuyên viên hỗ trợ kỹ thuật
183,CareerLink,Công Ty Cổ Phần Bán Lẻ Kỹ Thuật Số FPT,Nhân viên,Trung học,0,lâm đồng,2024-12-10,7000000.0,10000000.0,8500000.0,chuyên viên hỗ trợ kỹ thuật
184,CareerLink,Công Ty TNHH Trang Phục Ngoài Trời CPPC (Việt Nam),Kỹ thuật viên / Kỹ sư,kỹ sư,0,bình định,2024-12-22,,,,chuyên viên hỗ trợ kỹ thuật
185,CareerLink,Công Ty Cổ Phần Bán Lẻ Kỹ Thuật Số FPT,Nhân viên,Trung học,0,hà nội,2024-12-19,8000000.0,15000000.0,11500000.0,chuyên viên hỗ trợ kỹ thuật
187,CareerLink,CareerLink's Client,Kỹ thuật viên / Kỹ sư,Cử nhân,2,hồ chí minh,2024-12-13,20000000.0,22000000.0,21000000.0,kỹ sư phần mềm
188,CareerLink,CÔNG TY TNHH BOK VIỆT NAM,Quản lý / Trưởng phòng,Cử nhân,2,hồ chí minh,2024-12-15,,,,công nghệ thông tin
189,CareerLink,CareerLink's Client,Nhân viên,Cử nhân,2,hồ chí minh,2024-12-13,18000000.0,30000000.0,24000000.0,kỹ sư phần mềm
190,CareerLink,CÔNG TY TNHH RORZE ROBOTECH,Nhân viên,Cử nhân,0,hải phòng,2024-12-25,0.0,0.0,0.0,kỹ sư phần mềm
191,CareerLink,CareerLink's Client,Kỹ thuật viên / Kỹ sư,Cử nhân,2,hồ chí minh,2024-12-13,17000000.0,25000000.0,21000000.0,kỹ sư phần mềm
192,CareerLink,CÔNG TY TNHH RORZE ROBOTECH,Nhân viên,Cử nhân,1,hải phòng,2024-12-18,0.0,0.0,0.0,kỹ sư phần mềm
193,CareerLink,CareerLink's Client,Nhân viên,Cử nhân,2,hồ chí minh,2024-12-24,22000000.0,40000000.0,31000000.0,kỹ sư phần mềm
194,CareerLink,Fois ICT PRO,Nhân viên,Trung cấp,2,thanh hóa,2024-12-09,35000000.0,,,kỹ sư phần mềm
195,CareerLink,CareerLink's Client,Nhân viên,Cử nhân,2,hồ chí minh,2024-12-25,18000000.0,30000000.0,24000000.0,kỹ sư phần mềm
196,CareerLink,Fois ICT PRO,Nhân viên,Trung học,1,hồ chí minh,2024-12-22,15000000.0,25000000.0,20000000.0,công nghệ thông tin
197,CareerLink,Fois ICT PRO,Nhân viên,Trung cấp,2,hồ chí minh hà nội,2024-12-09,25000000.0,40000000.0,32500000.0,kỹ sư phần mềm
198,CareerLink,CÔNG TY CỔ PHẦN CÔNG NGHỆ THỰC PHẨM CHÂU Á (AFOTECH),Quản lý / Trưởng phòng,Cử nhân,3,hà nội,2024-12-25,,,,công nghệ thông tin
199,CareerLink,CÔNG TY CỔ PHẦN NÔNG NGHIỆP TRƯỜNG HẢI,Trưởng nhóm / Giám sát,Cử nhân,2,gia lai,2024-12-09,,,,kỹ sư hệ thống
200,CareerLink,CÔNG TY CỔ PHẦN NÔNG NGHIỆP TRƯỜNG HẢI,Trưởng nhóm / Giám sát,Cử nhân,2,gia lai,2024-12-09,,,,kỹ sư hệ thống
201,CareerLink,FPT Telecom,Kỹ thuật viên / Kỹ sư,Cử nhân,3,hồ chí minh,2024-12-09,50000000.0,87000000.0,68500000.0,kỹ sư học máy
202,CareerLink,CÔNG TY CỔ PHẦN NÔNG NGHIỆP TRƯỜNG HẢI,Trưởng nhóm / Giám sát,Cử nhân,2,gia lai,2024-12-09,,,,quản lý dự án
204,CareerLink,CÔNG TY CỔ PHẦN NÔNG NGHIỆP TRƯỜNG HẢI,Quản lý / Trưởng phòng,Cử nhân,3,gia lai,2024-12-20,,,,công nghệ thông tin
206,CareerLink,FPT Telecom,Nhân viên,Trung cấp,0,quảng bình,2024-12-07,8000000.0,20000000.0,14000000.0,chuyên viên hỗ trợ kỹ thuật
207,CareerLink,CareerLink's Client,Nhân viên,Cử nhân,2,hồ chí minh,2024-12-22,12000000.0,28000000.0,20000000.0,nhà thiết kế
208,CareerLink,Công Ty Cổ Phần Gỗ An Cường,Nhân viên,Cử nhân,2,bình dương,2024-12-06,10000000.0,18000000.0,14000000.0,kỹ sư phần mềm
209,CareerLink,Công Ty Cổ Phần Bán Lẻ Kỹ Thuật Số FPT,Nhân viên,Trung học,0,khánh hòa,2024-12-06,6000000.0,10000000.0,8000000.0,chuyên viên hỗ trợ kỹ thuật
210,CareerLink,TRƯỜNG ĐẠI HỌC KINH TẾ TÀI CHÍNH TP.HCM,Nhân viên,thạc sĩ,2,hồ chí minh,2024-12-06,,,,kỹ sư phần mềm
211,CareerLink,Tập Đoàn Vàng Bạc Đá Quý DOJI,Nhân viên,Cử nhân,2,hà nội,2024-12-06,25000000.0,35000000.0,30000000.0,chuyên viên bảo mật thông tin
213,CareerLink,Công Ty TNHH Yakult Việt Nam,Nhân viên,Cử nhân,1,hồ chí minh,2024-12-24,,,,kỹ sư hệ thống
214,CareerLink,CareerLink's Client,Quản lý / Trưởng phòng,Cử nhân,2,hà nội,2024-12-10,,,45000000.0,công nghệ thông tin
215,CareerLink,CÔNG TY TNHH BOK VIỆT NAM,Kỹ thuật viên / Kỹ sư,Cử nhân,2,hồ chí minh,2024-12-25,,,,công nghệ thông tin
217,CareerLink,Công Ty Cổ Phần Bán Lẻ Kỹ Thuật Số FPT,Nhân viên,Trung học,0,đắk lắk,2024-12-25,6000000.0,10000000.0,8000000.0,chuyên viên hỗ trợ kỹ thuật
218,CareerLink,FPT Telecom,Sinh viên / Thực tập sinh,Cử nhân,0,hồ chí minh,2024-12-24,,,,nhà thiết kế
219,CareerLink,TRƯỜNG ĐẠI HỌC KINH TẾ TÀI CHÍNH TP.HCM,Nhân viên,thạc sĩ,2,hồ chí minh,2024-12-05,,,,kỹ sư phần mềm
220,CareerLink,Diag Medical,Nhân viên,Cử nhân,3,hồ chí minh,2024-12-05,50000000.0,80000000.0,65000000.0,kỹ sư phần mềm
221,CareerLink,CareerLink's Client,Nhân viên,Cử nhân,2,hà nội,2024-12-05,45000000.0,62000000.0,53500000.0,chuyên viên tư vấn cntt
222,CareerLink,Công Ty Cổ Phần Bán Lẻ Kỹ Thuật Số FPT,Nhân viên,Trung học,0,hồ chí minh,2024-12-24,7000000.0,10000000.0,8500000.0,chuyên viên hỗ trợ kỹ thuật
223,CareerLink,CareerLink's Client,Nhân viên,Cử nhân,1,hồ chí minh,2024-12-12,10000000.0,17000000.0,13500000.0,kỹ sư phần mềm
224,CareerLink,TRƯỜNG ĐẠI HỌC KINH TẾ TÀI CHÍNH TP.HCM,Nhân viên,kỹ sư,2,hồ chí minh,2024-12-24,,,,kỹ sư phần mềm
225,CareerLink,CareerLink's Client,Trưởng nhóm / Giám sát,Cử nhân,3,hà nội,2024-12-25,70000000.0,90000000.0,80000000.0,chuyên viên tư vấn cntt
227,CareerLink,FPT Telecom,Sinh viên / Thực tập sinh,Cử nhân,0,hồ chí minh,2024-12-21,10000000.0,12000000.0,11000000.0,kỹ sư kiểm thử phần mềm
228,CareerLink,IDEA TECHNOLOGY SOLUTIONS,Nhân viên,Cử nhân,1,đà nẵng,2024-12-23,,,,kỹ sư phần mềm
229,CareerLink,VIETNAM CONCENTRIX SERVICES COMPANY LIMITED,Quản lý cấp cao,Cử nhân,3,hồ chí minh,2024-12-21,,,,kỹ sư phần mềm
230,CareerLink,IDEA TECHNOLOGY SOLUTIONS,Nhân viên,Cử nhân,1,đà nẵng,2024-12-25,,,,kỹ sư hệ thống
231,CareerLink,Công Ty Cổ Phần Bán Lẻ Kỹ Thuật Số FPT,Nhân viên,Trung học,0,hồ chí minh,2024-12-10,7000000.0,10000000.0,8500000.0,chuyên viên hỗ trợ kỹ thuật
232,CareerLink,"Mitalab Co.,Ltd",Nhân viên,Cử nhân,0,hà nội,2024-12-17,0.0,0.0,0.0,kỹ sư kiểm thử phần mềm
233,CareerLink,Công Ty Cổ Phần Bán Lẻ Kỹ Thuật Số FPT,Nhân viên,Trung học,0,hà nội,2024-12-19,7000000.0,10000000.0,8500000.0,chuyên viên hỗ trợ kỹ thuật
235,CareerLink,Công Ty Cổ Phần Bán Lẻ Kỹ Thuật Số FPT,Nhân viên,Trung học,0,hà nội,2024-12-19,8000000.0,15000000.0,11500000.0,chuyên viên hỗ trợ kỹ thuật
236,CareerLink,CareerLink's Client,Nhân viên,Cử nhân,2,hồ chí minh,2024-12-02,50000000.0,,,kỹ sư phần mềm
237,CareerLink,CareerLink Asia,Kỹ thuật viên / Kỹ sư,Cử nhân,2,nhật bản,2024-12-02,65000000.0,125000000.0,95000000.0,kỹ sư phần mềm
238,CareerLink,"Mitalab Co.,Ltd",Nhân viên,Cử nhân,2,hà nội,2024-12-18,,,,kỹ sư phần mềm
239,CareerLink,CareerLink Asia,Kỹ thuật viên / Kỹ sư,Cử nhân,0,nhật bản,2024-12-20,43000000.0,80000000.0,61500000.0,kỹ sư hệ thống
240,CareerLink,IDEA TECHNOLOGY SOLUTIONS,Nhân viên,Cử nhân,2,hồ chí minh,2024-12-17,10000000.0,13000000.0,11500000.0,kỹ sư thiết kế
242,CareerLink,Công Ty Cổ Phần Bán Lẻ Kỹ Thuật Số FPT,Nhân viên,Trung học,0,kiên giang,2024-12-15,8000000.0,12000000.0,10000000.0,chuyên viên hỗ trợ kỹ thuật
243,CareerLink,Công Ty Cổ Phần Bán Lẻ Kỹ Thuật Số FPT,Nhân viên,Trung học,0,khánh hòa,2024-12-03,6000000.0,10000000.0,8000000.0,chuyên viên hỗ trợ kỹ thuật
244,CareerLink,Công Ty CP Tập Đoàn Hà Đô,Kỹ thuật viên / Kỹ sư,kỹ sư,3,hà nội,2024-12-24,,,,công nghệ thông tin
245,CareerLink,FPT Telecom,Sinh viên / Thực tập sinh,Cử nhân,0,hồ chí minh,2024-12-11,9000000.0,10000000.0,9500000.0,kỹ sư hệ thống
246,CareerLink,Công Ty Cổ Phần Bán Lẻ Kỹ Thuật Số FPT,Nhân viên,Trung học,0,bình định,2024-12-16,5000000.0,10000000.0,7500000.0,chuyên viên hỗ trợ kỹ thuật
247,CareerLink,FPT Telecom,Sinh viên / Thực tập sinh,Cử nhân,0,hồ chí minh,2024-12-19,6000000.0,10000000.0,8000000.0,kỹ sư kiểm thử phần mềm
248,CareerLink,Công Ty Cổ Phần Bán Lẻ Kỹ Thuật Số FPT,Nhân viên,Trung học,0,đăk nông,2024-11-26,6000000.0,10000000.0,8000000.0,chuyên viên hỗ trợ kỹ thuật
249,CareerLink,FPT Telecom,Sinh viên / Thực tập sinh,Cử nhân,0,hồ chí minh,2024-12-18,9000000.0,10000000.0,9500000.0,kỹ sư kiểm thử phần mềm
250,CareerLink,Công Ty TNHH Wisol Hà Nội,Nhân viên,Cử nhân,3,bắc ninh,2024-11-26,,,,nhà thiết kế
251,CareerLink,CareerLink's Client,Kỹ thuật viên / Kỹ sư,Cử nhân,2,hồ chí minh,2024-12-12,15000000.0,30000000.0,22500000.0,kỹ sư phần mềm
252,CareerLink,Công Ty Cổ Phần Tập Đoàn Omi (OmiGroup),Quản lý / Trưởng phòng,Cử nhân,2,hà nội,2024-12-09,,,,công nghệ thông tin
253,CareerLink,CareerLink's Client,Nhân viên,Cử nhân,2,hồ chí minh,2024-12-17,13000000.0,15000000.0,14000000.0,kỹ sư phần mềm
254,CareerLink,CÔNG TY TNHH LITE ON VIỆT NAM,Kỹ thuật viên / Kỹ sư,Cử nhân,0,hải phòng,2024-12-24,,,30000000.0,công nghệ thông tin
255,CareerLink,Công Ty Cổ Phần Bán Lẻ Kỹ Thuật Số FPT,Nhân viên,Trung học,0,khánh hòa,2024-12-14,7000000.0,10000000.0,8500000.0,chuyên viên hỗ trợ kỹ thuật
256,CareerLink,CÔNG TY TNHH MEDIASTEP SOFTWARE VIỆT NAM,Nhân viên,Cử nhân,1,hồ chí minh,2024-12-17,,,,kỹ sư kiểm thử phần mềm
257,CareerLink,Công Ty Cổ Phần Bán Lẻ Kỹ Thuật Số FPT,Nhân viên,Cử nhân,0,hà nội,2024-12-03,9000000.0,12000000.0,10500000.0,chuyên viên hỗ trợ kỹ thuật
258,CareerLink,Công Ty TNHH Seojin Việt Nam,Nhân viên,Cử nhân,0,bắc giang,2024-12-10,10000000.0,25000000.0,17500000.0,chuyên viên hỗ trợ kỹ thuật
259,CareerLink,UNIVERSAL SCIENTIFIC INDUSTRIAL VIETNAM COMPANY LIMITED,Nhân viên,Cử nhân,1,hải phòng,2024-12-10,,,,kỹ sư phần mềm
260,CareerLink,CareerLink Asia,Trưởng nhóm / Giám sát,Cử nhân,2,nhật bản,2024-11-26,90000000.0,,,nhà phát triển web
261,CareerLink,CareerLink's Client,Quản lý / Trưởng phòng,Cử nhân,2,hồ chí minh,2024-12-23,14000000.0,18000000.0,16000000.0,công nghệ thông tin
262,CareerLink,CareerLink Asia,Kỹ thuật viên / Kỹ sư,Cử nhân,2,nhật bản,2024-11-26,88000000.0,210000000.0,149000000.0,kỹ sư dữ liệu
263,CareerLink,Công Ty Cổ Phần Bán Lẻ Kỹ Thuật Số FPT,Nhân viên,Trung học,0,tiền giang,2024-12-16,8000000.0,12000000.0,10000000.0,chuyên viên hỗ trợ kỹ thuật
264,CareerLink,CareerLink Asia,Trưởng nhóm / Giám sát,Cử nhân,2,nhật bản,2024-11-26,70000000.0,140000000.0,105000000.0,chuyên viên tư vấn cntt
265,CareerLink,CareerLink Asia,Kỹ thuật viên / Kỹ sư,Cử nhân,2,nhật bản,2024-11-26,88000000.0,210000000.0,149000000.0,kỹ sư dữ liệu
266,CareerLink,CareerLink Asia,Kỹ thuật viên / Kỹ sư,Cử nhân,2,nhật bản,2024-11-26,86000000.0,210000000.0,148000000.0,công nghệ thông tin
267,CareerLink,CareerLink Asia,Quản lý / Trưởng phòng,Cử nhân,1,nhật bản,2024-12-16,80000000.0,,,quản lý dự án
268,CareerLink,Công Ty Cổ Phần Bán Lẻ Kỹ Thuật Số FPT,Nhân viên,Trung học,0,an giang,2024-12-21,8000000.0,10000000.0,9000000.0,chuyên viên hỗ trợ kỹ thuật
269,CareerLink,CareerLink Asia,Kỹ thuật viên / Kỹ sư,Cử nhân,2,nhật bản,2024-12-08,60000000.0,,,nhà phát triển web
270,CareerLink,CareerLink Asia,Kỹ thuật viên / Kỹ sư,Cử nhân,2,nhật bản,2024-11-26,80000000.0,210000000.0,145000000.0,nhà phát triển web
271,CareerLink,CareerLink's Client,Nhân viên,Cử nhân,0,hà nội,2024-12-23,20000000.0,25000000.0,22500000.0,kỹ sư phần mềm
272,CareerLink,Công Ty Cổ Phần Bán Lẻ Kỹ Thuật Số FPT,Nhân viên,Trung cấp,0,hà nội,2024-11-26,8000000.0,15000000.0,11500000.0,chuyên viên hỗ trợ kỹ thuật
273,CareerLink,Công Ty Cổ Phần Vàng Bạc Đá quý Phú Nhuận - PNJ,Nhân viên,Cử nhân,3,hồ chí minh,2024-12-17,,,,senior tester
274,CareerLink,CareerLink's Client,Nhân viên,Cử nhân,2,hồ chí minh,2024-12-26,10000000.0,15000000.0,12500000.0,game operator
275,CareerLink,FPT Education Hồ Chí Minh,Nhân viên,thạc sĩ,2,hồ chí minh,2024-12-26,0.0,0.0,0.0,giảng viên
276,CareerLink,CÔNG TY CỔ PHẦN ĐẦU TƯ PHÁT TRIỂN MÁY VIỆT NAM,Nhân viên,Cử nhân,2,hà nội,2024-12-26,15000000.0,18000000.0,16500000.0,nhà phân tích dữ liệu
277,CareerLink,FPT Education Hồ Chí Minh,Nhân viên,thạc sĩ,2,hồ chí minh,2024-12-26,,,,giảng viên
278,CareerLink,CÔNG TY CỔ PHẦN GIẢI PHÁP KINH DOANH NỀN TẢNG,Nhân viên,Cử nhân,2,hồ chí minh,2024-12-25,9000000.0,,,kỹ sư phần mềm
279,CareerLink,CÔNG TY CỔ PHẦN ĐẦU TƯ VÀ CÔNG NGHỆ HTI,Kỹ thuật viên / Kỹ sư,Cử nhân,2,hà nội,2024-12-25,0.0,0.0,0.0,kỹ sư phần mềm
280,CareerLink,CÔNG TY CỔ PHẦN GIẢI PHÁP KINH DOANH NỀN TẢNG,Nhân viên,Cử nhân,2,hồ chí minh,2024-12-25,17000000.0,30000000.0,23500000.0,kỹ sư phần mềm
281,CareerLink,Công ty TNHH Avada Group (Mageplaza),Nhân viên,Cử nhân,1,hà nội,2024-12-25,9000000.0,12000000.0,10500000.0,junior tester
283,CareerLink,Công Ty Cổ Phần Sáng Tạo Trẻ Việt Nam Miichisoft,Mới đi làm,Cử nhân,0,hà nội,2024-12-25,8000000.0,15000000.0,11500000.0,kỹ sư phần mềm
284,CareerLink,CÔNG TY CỔ PHẦN GIẢI PHÁP KINH DOANH NỀN TẢNG,Nhân viên,Cử nhân,2,hồ chí minh,2024-12-25,17000000.0,25000000.0,21000000.0,kỹ sư triển khai voip
286,CareerLink,CÔNG TY CỔ PHẦN GIẢI PHÁP KINH DOANH NỀN TẢNG,Nhân viên,Cử nhân,1,hồ chí minh,2024-12-25,25000000.0,37000000.0,31000000.0,kỹ sư phần mềm
287,CareerLink,CÔNG TY CỔ PHẨN VIETNAM TICKETS,Nhân viên,Cử nhân,2,hồ chí minh,2024-12-25,10000000.0,25000000.0,17500000.0,kỹ sư học máy
289,CareerLink,iCOM Design,Nhân viên,Trung cấp,1,cần thơ,2024-12-25,7000000.0,,,nhà phát triển web
290,CareerLink,CÔNG TY CỔ PHẦN GIẢI PHÁP KINH DOANH NỀN TẢNG,Nhân viên,Cử nhân,1,hồ chí minh,2024-12-25,10000000.0,20000000.0,15000000.0,kỹ sư phần mềm
291,CareerLink,Công Ty TNHH Phần mềm DTS Việt Nam,Sinh viên / Thực tập sinh,Cử nhân,0,hà nội,2024-12-25,2000000.0,5000000.0,3500000.0,công nghệ thông tin
292,CareerLink,CÔNG TY CỔ PHẦN GIẢI PHÁP KINH DOANH NỀN TẢNG,Nhân viên,Trung cấp,1,hồ chí minh,2024-12-25,,,,kỹ sư phần mềm
293,CareerLink,CÔNG TY CỔ PHẦN GIẢI PHÁP KINH DOANH NỀN TẢNG,Nhân viên,Cử nhân,1,hồ chí minh,2024-12-26,17000000.0,25000000.0,21000000.0,kỹ sư phần mềm
294,CareerLink,CÔNG TY CỔ PHẦN GIẢI PHÁP KINH DOANH NỀN TẢNG,Kỹ thuật viên / Kỹ sư,Cử nhân,2,hồ chí minh,2024-12-25,15000000.0,25000000.0,20000000.0,kỹ sư phần mềm
295,CareerLink,CÔNG TY CỔ PHẦN GIẢI PHÁP KINH DOANH NỀN TẢNG,Nhân viên,Cử nhân,1,hồ chí minh,2024-12-25,22000000.0,35000000.0,28500000.0,kỹ sư phần mềm
298,CareerLink,CÔNG TY CỔ PHẦN ĐẦU TƯ VÀ CÔNG NGHỆ HTI,Nhân viên,Cử nhân,2,hà nội,2024-12-25,0.0,0.0,0.0,kỹ sư phần mềm
299,CareerLink,Công Ty Cổ Phần Dịch Vụ Và Giải Pháp Xử Lý Dữ Liệu Vbee,Nhân viên,Cử nhân,2,hà nội,2024-12-25,15000000.0,,,kỹ sư kiểm thử phần mềm
300,CareerLink,Công Ty TNHH Phần mềm DTS Việt Nam,Nhân viên,Cử nhân,1,hà nội,2024-12-25,12000000.0,25000000.0,18500000.0,kỹ sư phần mềm
301,CareerLink,Công Ty TNHH Sharp Manufacturing Việt Nam,Trưởng nhóm / Giám sát,Cử nhân,1,bình dương,2024-12-26,,,,công nghệ thông tin
302,CareerLink,Công Ty TNHH Phần mềm DTS Việt Nam,Nhân viên,Cử nhân,2,hà nội,2024-12-25,15000000.0,25000000.0,20000000.0,kỹ sư phần mềm
307,CareerLink,CÔNG TY TNHH BỆNH VIỆN ĐA KHOA TÂM TRÍ SÀI GÒN,Nhân viên,Cử nhân,1,hồ chí minh,2024-12-26,,,,công nghệ thông tin
309,CareerLink,CÔNG TY TNHH DAIWA VIỆT NAM,Nhân viên,Cử nhân,0,đà nẵng,2024-12-25,7000000.0,10000000.0,8500000.0,chuyên viên hỗ trợ kỹ thuật
312,CareerLink,Công ty Cổ phần Dịch vụ Trực Tuyến Cộng Đồng Việt (Payoo),Nhân viên,Cử nhân,1,hồ chí minh,2024-12-25,,,,kỹ sư kiểm thử phần mềm
313,CareerLink,Công ty Cổ phần Dịch vụ Trực Tuyến Cộng Đồng Việt (Payoo),Nhân viên,Cử nhân,2,hồ chí minh,2024-12-23,,,,kỹ sư phần mềm
314,CareerLink,KHU DU LỊCH SINH THÁI TRÀNG AN,Nhân viên,Trung cấp,1,ninh bình,2024-12-23,8000000.0,20000000.0,14000000.0,chuyên viên hỗ trợ kỹ thuật
316,CareerLink,CÔNG TY TNHH FRIWO VIỆT NAM,Nhân viên,Cử nhân,2,đồng nai,2024-12-25,,,,kỹ sư phần mềm
317,CareerLink,CÔNG TY TNHH SAINT - HONORE ĐẦU TƯ VÀ THƯƠNG MẠI,Nhân viên,Cử nhân,1,hà nội,2024-12-23,7000000.0,10000000.0,8500000.0,chuyên viên hỗ trợ kỹ thuật
318,CareerLink,Công Ty Cổ Phần Công Nghệ Thông Tin Địa Lý EK,Sinh viên / Thực tập sinh,Cử nhân,0,hà nội,2024-12-20,,,,công nghệ thông tin
319,CareerLink,Công Ty TNHH Luxstay Việt Nam,Kỹ thuật viên / Kỹ sư,Cử nhân,3,hà nội,2024-12-20,28000000.0,40000000.0,34000000.0,kỹ sư phần mềm
320,CareerLink,Công ty Cổ phần Dịch vụ Trực Tuyến Cộng Đồng Việt (Payoo),Nhân viên,Cử nhân,2,hồ chí minh,2024-12-20,,,,kỹ sư phần mềm
321,CareerLink,Công Ty TNHH Luxstay Việt Nam,Kỹ thuật viên / Kỹ sư,Cử nhân,2,hà nội,2024-12-20,25000000.0,40000000.0,32500000.0,kỹ sư phần mềm
322,CareerLink,Công ty Cổ phần Dịch vụ Trực Tuyến Cộng Đồng Việt (Payoo),Nhân viên,Cử nhân,1,hồ chí minh,2024-12-20,,,,kỹ sư kiểm thử phần mềm
323,CareerLink,CÔNG TY CỔ PHẦN XÂY DỰNG VÀ ĐẦU TƯ THƯƠNG MẠI HOÀNG HÀ,Nhân viên,chứng chỉ,0,lâm đồng,2024-12-21,2300000.0,3000000.0,2650000.0,chuyên viên hỗ trợ kỹ thuật
325,CareerLink,Công Ty Cổ Phần Anvy,Nhân viên,Cử nhân,2,hà nội,2024-12-20,20000000.0,30000000.0,25000000.0,kỹ sư phần mềm
326,CareerLink,Công Ty Cổ Phần Anvy,Nhân viên,Cử nhân,2,hà nội,2024-12-20,30000000.0,47000000.0,38500000.0,nhà phân tích dữ liệu
327,CareerLink,DFM ENGINEERING,Nhân viên,kỹ sư,1,hồ chí minh,2024-12-23,,,,lập trình viên c# wpf
328,CareerLink,TẬP ĐOÀN KAROFI HOLDING,Nhân viên,Cử nhân,1,hà nội,2024-12-20,10000000.0,18000000.0,14000000.0,công nghệ thông tin
329,CareerLink,BSS Group,Nhân viên,Cử nhân,2,hà nội,2024-12-20,20000000.0,30000000.0,25000000.0,ceo assistant
333,CareerLink,CÔNG TY CỔ PHẦN NOSAFOOD,Nhân viên,Cử nhân,2,long an,2024-12-24,0.0,0.0,0.0,chuyên viên hỗ trợ kỹ thuật
334,CareerLink,CÔNG TY CỔ PHẦN CÔNG NGHỆ CYBER EYE,Nhân viên,Cử nhân,2,hà nội,2024-12-19,,,,kỹ sư phần mềm
335,CareerLink,CÔNG TY CỔ PHẦN PHƯƠNG TIỆN ĐIỆN THÔNG MINH SELEX,Kỹ thuật viên / Kỹ sư,Cử nhân,2,hà nội,2024-12-18,,,,kỹ sư phần mềm
336,CareerLink,CÔNG TY CỔ PHẦN CÔNG NGHỆ CYBER EYE,Nhân viên,Cử nhân,2,hà nội,2024-12-19,15000000.0,25000000.0,20000000.0,kỹ sư kiểm thử phần mềm
337,CareerLink,CÔNG TY CỔ PHẦN PHƯƠNG TIỆN ĐIỆN THÔNG MINH SELEX,Kỹ thuật viên / Kỹ sư,Cử nhân,2,hà nội,2024-12-18,,,,kỹ sư mạng
338,CareerLink,CÔNG TY CP BIA & NGK HẠ LONG,Nhân viên,Cử nhân,1,hà nội,2024-12-21,12000000.0,16000000.0,14000000.0,nhà thiết kế
339,CareerLink,Công Ty Cổ Phần Anvy,Nhân viên,Cử nhân,2,hưng yên,2024-12-25,12000000.0,18000000.0,15000000.0,chuyên viên hỗ trợ kỹ thuật
341,CareerLink,CÔNG TY CỔ PHẦN CÔNG NGHỆ & SÁNG TẠO TRẺ TEKY HOLDINGS,Nhân viên,Cử nhân,1,hải phòng,2024-12-18,8000000.0,12000000.0,10000000.0,giảng viên
343,CareerLink,CÔNG TY CỔ PHẦN CÔNG NGHỆ & SÁNG TẠO TRẺ TEKY HOLDINGS,Nhân viên,Cử nhân,1,hải phòng,2024-12-18,8000000.0,12000000.0,10000000.0,giảng viên
345,CareerLink,CÔNG TY CỔ PHẦN CÔNG NGHỆ & SÁNG TẠO TRẺ TEKY HOLDINGS,Sinh viên / Thực tập sinh,Cử nhân,0,hà nội,2024-12-24,2000000.0,5000000.0,3500000.0,kỹ sư phần mềm
350,CareerLink,CÔNG TY CỔ PHẦN CÔNG NGHỆ AROBID,Kỹ thuật viên / Kỹ sư,Cử nhân,2,hồ chí minh,2024-12-25,,,,kỹ sư phần mềm
351,CareerLink,CÔNG TY CỔ PHẦN CÔNG NGHỆ AROBID,Nhân viên,Cử nhân,1,hồ chí minh,2024-12-24,,,,kỹ sư phần mềm
352,CareerLink,CÔNG TY CỔ PHẦN CÔNG NGHỆ AROBID,Nhân viên,Cử nhân,3,hồ chí minh,2024-12-19,,,,senior net
353,CareerLink,Công Ty TNHH Luxstay Việt Nam,Nhân viên,Cử nhân,0,hà nội,2024-12-18,12000000.0,26000000.0,19000000.0,kỹ sư phần mềm
354,CareerLink,CÔNG TY CỔ PHẦN CÔNG NGHỆ AROBID,Nhân viên,Cử nhân,3,hồ chí minh,2024-12-21,,,,scrum master
357,CareerLink,Công Ty TNHH Nippo Mechatronics Vietnam,Nhân viên,Cử nhân,2,hà nội,2024-12-23,13000000.0,,,chuyên viên hỗ trợ kỹ thuật
358,CareerLink,CÔNG TY CỔ PHẦN CÔNG NGHỆ AROBID,Trưởng nhóm / Giám sát,Cử nhân,3,hồ chí minh,2024-12-23,,,,kỹ sư phần mềm
359,CareerLink,CÔNG TY TRÁCH NHIỆM HỮU HẠN LEGE VIỆT NAM,Nhân viên,Cử nhân,1,bắc ninh,2024-12-18,,,,nhà thiết kế
360,CareerLink,CÔNG TY CỔ PHẦN CÔNG NGHỆ AROBID,Kỹ thuật viên / Kỹ sư,Cử nhân,2,hồ chí minh,2024-12-25,,,,kỹ sư phần mềm
361,CareerLink,Công Ty TNHH Luxstay Việt Nam,Kỹ thuật viên / Kỹ sư,Cử nhân,2,hà nội,2024-12-18,30000000.0,50000000.0,40000000.0,kỹ sư phần mềm
362,CareerLink,CÔNG TY TNHH THỦY KIM SINH,Nhân viên,Cử nhân,1,đắk lắk,2024-12-26,,,,công nghệ thông tin
363,CareerLink,Công Ty TNHH Phương Anh,Nhân viên,Cử nhân,1,hưng yên,2024-12-18,,,,chuyên viên hỗ trợ kỹ thuật
364,CareerLink,Công Ty TNHH Nippo Mechatronics Vietnam,Nhân viên,Cử nhân,2,hà nội,2024-12-18,13000000.0,,,chuyên viên hỗ trợ kỹ thuật
366,CareerLink,DFM ENGINEERING,Sinh viên / Thực tập sinh,Cử nhân,0,hồ chí minh,2024-12-25,,,,kỹ sư phần mềm
367,CareerLink,Beetechsoft,Sinh viên / Thực tập sinh,Cử nhân,0,hà nội,2024-12-25,,,,công nghệ thông tin
368,CareerLink,VIỆN THẨM MỸ MEDIC SKIN,Nhân viên,Cử nhân,0,hà nội,2024-12-17,14000000.0,18000000.0,16000000.0,nhà phân tích dữ liệu
369,CareerLink,Trường Đại Học Công Nghệ Thành Phố Hồ Chí Minh,Nhân viên,thạc sĩ,2,hồ chí minh,2024-12-24,,,,công nghệ thông tin
371,CareerLink,Công Ty Cổ Phần Sáng Tạo Trẻ Việt Nam Miichisoft,Nhân viên,Cử nhân,2,hà nội,2024-12-17,,,,công nghệ thông tin
372,CareerLink,Tổ Chức Giáo Dục FPT Đà Nẵng,Nhân viên,tiến sĩ,2,đà nẵng,2024-12-17,,,,công nghệ thông tin
373,CareerLink,Công Ty Cổ Phần Sáng Tạo Trẻ Việt Nam Miichisoft,Nhân viên,Cử nhân,0,hà nội,2024-12-24,,,,công nghệ thông tin
374,CareerLink,CÔNG TY CỔ PHẦN 88 GROUP (LAPTOP88),Nhân viên,Trung cấp,0,hà nội,2024-12-22,7000000.0,10000000.0,8500000.0,chuyên viên hỗ trợ kỹ thuật
375,CareerLink,CÔNG TY CỔ PHẦN 88 GROUP (LAPTOP88),Nhân viên,Trung cấp,0,hà nội,2024-12-17,7000000.0,10000000.0,8500000.0,chuyên viên hỗ trợ kỹ thuật
376,CareerLink,BSS Group,Mới đi làm,Cử nhân,1,hà nội,2024-12-17,8000000.0,14000000.0,11000000.0,customer support executive
377,CareerLink,CÔNG TY CỔ PHẦN 88 GROUP (LAPTOP88),Nhân viên,Trung cấp,0,hà nội,2024-12-17,7000000.0,10000000.0,8500000.0,chuyên viên hỗ trợ kỹ thuật
379,CareerLink,Công Ty Cổ Phần Sáng Tạo Trẻ Việt Nam Miichisoft,Nhân viên,kỹ sư,2,hà nội,2024-12-16,40000000.0,70000000.0,55000000.0,chuyên viên tư vấn cntt
380,CareerLink,CÔNG TY TNHH PHẦN MỀM BIWOCO,Nhân viên,Cử nhân,2,cần thơ,2024-12-16,,,,kỹ sư phần mềm
381,CareerLink,CÔNG TY CỔ PHẦN ĐẦU TƯ PHÁT TRIỂN MÁY VIỆT NAM,Nhân viên,Cử nhân,2,hà nội,2024-12-16,25000000.0,38000000.0,31500000.0,kỹ sư phần mềm
384,CareerLink,CÔNG TY TNHH PHẦN MỀM BIWOCO,Nhân viên,Cử nhân,2,cần thơ,2024-12-20,,,,kỹ sư phần mềm
385,CareerLink,Công Ty CP Thương mại và Chuyển Phát Nhanh Nội Bài,Nhân viên,Cử nhân,2,hồ chí minh,2024-12-22,25000000.0,35000000.0,30000000.0,kỹ sư phần mềm
387,CareerLink,Bến Tre Riverside Resort,Nhân viên,Trung cấp,1,bến tre,2024-12-24,0.0,0.0,0.0,công nghệ thông tin
388,CareerLink,Bến Tre Riverside Resort,Nhân viên,Trung cấp,1,bến tre,2024-12-19,0.0,0.0,0.0,chuyên viên hỗ trợ kỹ thuật
389,CareerLink,CÔNG TY TNHH PHẦN MỀM BIWOCO,Nhân viên,Cử nhân,2,cần thơ,2024-12-13,,,,kỹ sư phần mềm
391,CareerLink,CÔNG TY TNHH PHẦN MỀM BIWOCO,Nhân viên,Cử nhân,2,cần thơ,2024-12-16,,,,kỹ sư phần mềm
392,CareerLink,Công Ty Cổ Phần Đầu Tư Và Công Nghệ Bavaan,Sinh viên / Thực tập sinh,Cử nhân,0,hà nội,2024-12-23,,,,kỹ sư phần mềm
393,CareerLink,CÔNG TY CỔ PHẦN CÔNG NGHỆ & SÁNG TẠO TRẺ TEKY HOLDINGS,Nhân viên,Cử nhân,0,hải phòng,2024-12-16,8000000.0,12000000.0,10000000.0,kỹ sư phần mềm
394,CareerLink,DFM ENGINEERING,Nhân viên,Cử nhân,0,hồ chí minh,2024-12-16,,,,kỹ sư lập trình tự động hóa
395,CareerLink,Công Ty Cổ Phần Dịch Vụ Công Nghệ TSC Việt Nam,Nhân viên,Trung cấp,0,hà nam,2024-12-12,,,,chuyên viên hỗ trợ kỹ thuật
396,CareerLink,Công Ty Cổ Phần Dịch Vụ Và Giải Pháp Xử Lý Dữ Liệu Vbee,Nhân viên,Cử nhân,2,hà nội,2024-12-12,25000000.0,,,kỹ sư phần mềm
398,CareerLink,Công Ty Cổ Phần Dịch Vụ Và Giải Pháp Xử Lý Dữ Liệu Vbee,Nhân viên,Cử nhân,2,hà nội,2024-12-12,20000000.0,25000000.0,22500000.0,kỹ sư phần mềm
399,CareerLink,Công Ty Cổ Phần Dịch Vụ Và Giải Pháp Xử Lý Dữ Liệu Vbee,Nhân viên,Cử nhân,1,hà nội,2024-12-13,12000000.0,,,nhà thiết kế
400,CareerLink,Công Ty Cổ Phần Dịch Vụ Và Giải Pháp Xử Lý Dữ Liệu Vbee,Nhân viên,Cử nhân,2,hà nội,2024-12-18,22000000.0,,,kỹ sư phần mềm
401,CareerLink,CÔNG TY CỔ PHẦN CÔNG NGHỆ CYBER EYE,Nhân viên,Cử nhân,2,hà nội,2024-12-12,15000000.0,20000000.0,17500000.0,kỹ sư kiểm thử phần mềm
402,CareerLink,CÔNG TY CỔ PHẦN TỔNG CÔNG TY NOVA SERVICE,Quản lý / Trưởng phòng,Cử nhân,2,bà rịa - vũng tàu,2024-12-26,0.0,0.0,0.0,công nghệ thông tin
403,CareerLink,CÔNG TY CỔ PHẦN CÔNG NGHỆ CYBER EYE,Nhân viên,Cử nhân,2,hà nội,2024-12-16,,,,kỹ sư phần mềm
404,CareerLink,Công ty TNHH Lisod Việt Nam,Nhân viên,Cử nhân,2,hà nội,2024-12-12,,,,kỹ sư phần mềm
405,CareerLink,Khu Du Lịch Văn Hóa Tâm Linh Chùa Bái Đính,Nhân viên,Cử nhân,1,ninh bình,2024-12-15,,,,công nghệ thông tin
406,CareerLink,Công ty TNHH Lisod Việt Nam,Nhân viên,Cử nhân,2,hà nội,2024-12-25,,,,kỹ sư phần mềm
407,CareerLink,Công Ty TNHH Luxstay Việt Nam,Nhân viên,Cử nhân,2,hà nội,2024-12-12,12000000.0,20000000.0,16000000.0,kỹ sư kiểm thử phần mềm
409,CareerLink,Công Ty TNHH Luxstay Việt Nam,Kỹ thuật viên / Kỹ sư,Cử nhân,2,hồ chí minh,2024-12-24,20000000.0,36000000.0,28000000.0,kỹ sư phần mềm
410,CareerLink,Công ty TNHH Qisda Việt Nam,Kỹ thuật viên / Kỹ sư,Cử nhân,1,hà nam,2024-12-12,,,,kỹ sư phần mềm
411,CareerLink,Công Ty TNHH Luxstay Việt Nam,Kỹ thuật viên / Kỹ sư,Cử nhân,2,hà nội,2024-12-16,20000000.0,36000000.0,28000000.0,kỹ sư phần mềm
412,CareerLink,Công Ty Cổ Phần Tập Đoàn Đầu Tư KLB,Kỹ thuật viên / Kỹ sư,Cử nhân,2,hà nội,2024-12-16,12000000.0,15000000.0,13500000.0,kỹ sư hệ thống
413,CareerLink,CÔNG TY TNHH KANACARE VIỆT NAM,Mới đi làm,Cử nhân,0,hồ chí minh,2024-12-24,3000000.0,5000000.0,4000000.0,công nghệ thông tin
414,CareerLink,Công Ty TNHH Luxstay Việt Nam,Nhân viên,Cử nhân,2,hà nội,2024-12-16,20000000.0,35000000.0,27500000.0,kỹ sư phần mềm
415,CareerLink,Công Ty TNHH Luxstay Việt Nam,Nhân viên,Cử nhân,2,hà nội,2024-12-11,18000000.0,35000000.0,26500000.0,performance tester
416,CareerLink,CÔNG TY CỔ PHẦN XÂY DỰNG VÀ ĐẦU TƯ THƯƠNG MẠI HOÀNG HÀ,Nhân viên,Trung học,0,hồ chí minh,2024-12-19,6000000.0,8000000.0,7000000.0,chuyên viên hỗ trợ kỹ thuật
417,CareerLink,Công Ty TNHH Luxstay Việt Nam,Nhân viên,Cử nhân,1,hà nội,2024-12-11,20000000.0,35000000.0,27500000.0,kỹ sư phần mềm
418,CareerLink,Trường Đại Học Công Nghệ Thành Phố Hồ Chí Minh,Quản lý / Trưởng phòng,Cử nhân,2,hồ chí minh,2024-12-26,,,,quản lý dự án
419,CareerLink,Công Ty TNHH Luxstay Việt Nam,Kỹ thuật viên / Kỹ sư,Cử nhân,2,hà nội,2024-12-11,20000000.0,35000000.0,27500000.0,kỹ sư phần mềm
420,CareerLink,Trường Đại Học Công Nghệ Thành Phố Hồ Chí Minh,Quản lý / Trưởng phòng,thạc sĩ,2,hồ chí minh,2024-12-11,,,,công nghệ thông tin
421,CareerLink,CÔNG TY CỔ PHẦN SỞ GIAO DỊCH HÀNG HÓA VIỆT NAM TOÀN CẦU,Nhân viên,Cử nhân,2,hà nội,2024-12-11,22000000.0,32000000.0,27000000.0,kỹ sư phần mềm
423,CareerLink,CÔNG TY CP GIÁO DỤC EDUCA - CORPORATION,Nhân viên,Cử nhân,2,hà nội,2024-12-11,,,,kỹ sư kiểm thử phần mềm
425,CareerLink,N-TEK DISTRIBUTION TECHNOLOGY COMPANY LIMITED,Quản lý / Trưởng phòng,Cử nhân,2,hà nội,2024-12-11,,,,chuyên viên tư vấn cntt
427,CareerLink,N-TEK DISTRIBUTION TECHNOLOGY COMPANY LIMITED,Nhân viên,Cử nhân,2,hồ chí minh,2024-12-20,10000000.0,20000000.0,15000000.0,chuyên viên hỗ trợ kỹ thuật
428,CareerLink,CÔNG TY CỔ PHẦN ĐẦU TƯ PHÁT TRIỂN MÁY VIỆT NAM,Nhân viên,Cử nhân,1,hà nội,2024-12-11,,,,kỹ sư phần mềm
429,CareerLink,N-TEK DISTRIBUTION TECHNOLOGY COMPANY LIMITED,Kỹ thuật viên / Kỹ sư,Cử nhân,2,hà nội,2024-12-11,10000000.0,20000000.0,15000000.0,chuyên viên hỗ trợ kỹ thuật
430,CareerLink,FPT Education Hồ Chí Minh,Nhân viên,thạc sĩ,2,hồ chí minh,2024-12-11,,,,giảng viên
431,CareerLink,TẬP ĐOÀN MẮT KÍNH AR GROUP,Nhân viên,Cử nhân,1,hồ chí minh,2024-12-23,0.0,0.0,0.0,chuyên viên hỗ trợ kỹ thuật
432,CareerLink,FPT Education Hồ Chí Minh,Nhân viên,thạc sĩ,2,hồ chí minh,2024-12-11,0.0,0.0,0.0,giảng viên
433,CareerLink,CÔNG TY TNHH VAREAL VIỆT NAM,Trưởng nhóm / Giám sát,Cử nhân,2,hà nội,2024-12-10,0.0,0.0,0.0,ruby on rails team leader
434,CareerLink,CÔNG TY CỔ PHẦN TRƯỜNG HỌC CÔNG NGHỆ MINDX,Trưởng nhóm / Giám sát,Cử nhân,2,hồ chí minh,2024-12-10,18000000.0,25000000.0,21500000.0,r&d k12 coding & robotics team leader
435,CareerLink,CÔNG TY TNHH VAREAL VIỆT NAM,Nhân viên,Cử nhân,0,hà nội,2024-12-17,0.0,0.0,0.0,kỹ sư phần mềm
436,CareerLink,CÔNG TY CỔ PHẦN TẬP ĐOÀN N&G (N&G GROUP),Nhân viên,Cử nhân,2,hà nội,2024-12-24,,,,công nghệ thông tin
437,CareerLink,CÔNG TY TNHH VAREAL VIỆT NAM,Nhân viên,Cử nhân,1,hà nội,2024-12-24,0.0,0.0,0.0,kỹ sư phần mềm
438,CareerLink,Công Ty TNHH Medochemie (Viễn Đông),Nhân viên,Cử nhân,2,bình dương,2024-12-14,,,,quản lý dự án
439,CareerLink,CÔNG TY TNHH VAREAL VIỆT NAM,Nhân viên,Cử nhân,2,hà nội,2024-12-24,15000000.0,20000000.0,17500000.0,executive assistant
440,CareerLink,TRƯỜNG TIỂU HỌC TRUNG HỌC CƠ SỞ VÀ TRUNG HỌC PHỔ THÔNG HỒNG ĐỨC,Nhân viên,Cử nhân,1,hưng yên,2024-12-10,10000000.0,12000000.0,11000000.0,giảng viên
441,CareerLink,Công Ty TNHH East West Industries Việt Nam,Nhân viên,Cử nhân,2,bình dương,2024-12-10,,,,kỹ sư phần mềm
442,CareerLink,TRƯỜNG TIỂU HỌC TRUNG HỌC CƠ SỞ VÀ TRUNG HỌC PHỔ THÔNG HỒNG ĐỨC,Nhân viên,Cử nhân,1,hưng yên,2024-12-10,10000000.0,12000000.0,11000000.0,giảng viên
444,CareerLink,TRƯỜNG TIỂU HỌC TRUNG HỌC CƠ SỞ VÀ TRUNG HỌC PHỔ THÔNG HỒNG ĐỨC,Nhân viên,Cử nhân,1,hưng yên,2024-12-10,10000000.0,12000000.0,11000000.0,giảng viên
445,CareerLink,Khu Du Lịch Văn Hóa Tâm Linh Chùa Bái Đính,Nhân viên,Cử nhân,1,ninh bình,2024-12-09,,,,chuyên viên hỗ trợ kỹ thuật
449,CareerLink,CÔNG TY CỔ PHẦN CÔNG NGHỆ & SÁNG TẠO TRẺ TEKY HOLDINGS,Sinh viên / Thực tập sinh,Cử nhân,0,hải phòng,2024-12-09,3000000.0,7000000.0,5000000.0,công nghệ thông tin
453,CareerLink,Beetechsoft,Nhân viên,Cử nhân,2,hồ chí minh,2024-12-25,10000000.0,40000000.0,25000000.0,kỹ sư phần mềm
455,CareerLink,Công ty TNHH Avada Group (Mageplaza),Nhân viên,Cử nhân,1,hà nội,2024-12-06,10000000.0,20000000.0,15000000.0,nhà thiết kế
456,CareerLink,Beetechsoft,Nhân viên,Cử nhân,2,hà nội,2024-12-06,15000000.0,30000000.0,22500000.0,kỹ sư kiểm thử phần mềm
457,CareerLink,TỔNG CÔNG TY BƯU ĐIỆN VIỆT NAM,Nhân viên,Cử nhân,1,hà nội,2024-12-06,,,,kỹ sư hệ thống
458,CareerLink,Beetechsoft,Nhân viên,Cử nhân,2,đà nẵng,2024-12-23,10000000.0,40000000.0,25000000.0,kỹ sư phần mềm
459,CareerLink,TỔNG CÔNG TY BƯU ĐIỆN VIỆT NAM,Nhân viên,Cử nhân,1,hà nội,2024-12-06,,,,kỹ sư phần mềm
460,CareerLink,Khách Sạn Thiên Ân Bắc Giang,Nhân viên,Trung cấp,1,bắc giang,2024-12-05,,,,chuyên viên hỗ trợ kỹ thuật
461,CareerLink,TỔNG CÔNG TY BƯU ĐIỆN VIỆT NAM,Quản lý / Trưởng phòng,Cử nhân,2,hà nội,2024-12-06,60000000.0,,,công nghệ thông tin
463,CareerLink,CÔNG TY CỔ PHẦN ĐẦU TƯ PHÁT TRIỂN MÁY VIỆT NAM,Nhân viên,Cử nhân,2,hà nội,2024-12-05,15000000.0,22000000.0,18500000.0,nhân viên phân tích nghiệp vụ ba
464,CareerLink,BSS Group,Nhân viên,Cử nhân,0,hà nội,2024-12-18,7000000.0,14000000.0,10500000.0,fresher tester
468,CareerLink,Công Ty TNHH Truyền thông Và Quảng Cáo Siêu Kinh Doanh,Nhân viên,Trung cấp,0,hồ chí minh,2024-12-09,7000000.0,15000000.0,11000000.0,chuyên viên tư vấn cntt
469,CareerLink,Công Ty Cổ Phần Dịch Vụ Và Giải Pháp Xử Lý Dữ Liệu Vbee,Nhân viên,Cử nhân,2,hà nội,2024-12-10,22000000.0,,,kỹ sư phần mềm
470,CareerLink,Công Ty Cổ Phần Kim Long Motor Huế,Nhân viên,Cử nhân,1,thừa thiên - huế,2024-12-16,,,,chuyên viên hệ thống số hóa
471,CareerLink,Công Ty Cổ Phần Dịch Vụ Và Giải Pháp Xử Lý Dữ Liệu Vbee,Kỹ thuật viên / Kỹ sư,Cử nhân,2,hà nội,2024-12-23,22000000.0,,,kỹ sư phần mềm
472,CareerLink,CÔNG TY TNHH KEGMIL VIỆT NAM,Kỹ thuật viên / Kỹ sư,Cử nhân,3,hồ chí minh,2024-12-17,,,,kỹ sư phần mềm
473,CareerLink,Công Ty Cổ Phần Dịch Vụ Và Giải Pháp Xử Lý Dữ Liệu Vbee,Quản lý / Trưởng phòng,Cử nhân,2,hà nội,2024-12-25,22000000.0,,,nhà phân tích dữ liệu
474,CareerLink,CÔNG TY CỔ PHẦN CÔNG NGHỆ VTS,Nhân viên,Cử nhân,2,bà rịa - vũng tàu,2024-12-21,,,,kỹ sư mạng
475,CareerLink,Công Ty Cổ Phần Dịch Vụ Và Giải Pháp Xử Lý Dữ Liệu Vbee,Nhân viên,Cử nhân,2,hà nội,2024-12-05,25000000.0,,,kỹ sư phần mềm
476,CareerLink,CÔNG TY CỔ PHẦN XÂY DỰNG VÀ ĐẦU TƯ THƯƠNG MẠI HOÀNG HÀ,Nhân viên,Trung học,0,bình dương,2024-12-11,6000000.0,8000000.0,7000000.0,chuyên viên hỗ trợ kỹ thuật
478,CareerLink,LA VELA SAIGON HOTEL,Nhân viên,Cử nhân,1,hồ chí minh,2024-12-24,,,,kỹ sư phần mềm
480,CareerLink,TRƯỜNG TIỂU HỌC TRUNG HỌC CƠ SỞ VÀ TRUNG HỌC PHỔ THÔNG HỒNG ĐỨC,Nhân viên,Cử nhân,1,hưng yên,2024-12-04,10000000.0,12000000.0,11000000.0,giảng viên
482,CareerLink,EMG Education,Quản lý / Trưởng phòng,Cử nhân,2,hồ chí minh,2024-12-09,,,,quản lý dự án
483,CareerLink,Công Ty Cổ Phần Dịch Vụ Và Giải Pháp Xử Lý Dữ Liệu Vbee,Nhân viên,Cử nhân,2,hà nội,2024-12-05,22000000.0,,,kỹ sư phần mềm
484,CareerLink,CÔNG TY TNHH KEGMIL VIỆT NAM,Mới đi làm,Cử nhân,1,hồ chí minh,2024-12-23,,,,công nghệ thông tin
485,CareerLink,LA VELA SAIGON HOTEL,Nhân viên,Cử nhân,1,hồ chí minh,2024-12-24,,,,kỹ sư phần mềm
487,CareerLink,CÔNG TY TNHH SOFT WORLD VIỆT NAM,Trưởng nhóm / Giám sát,Cử nhân,3,hồ chí minh,2024-12-18,,,,kỹ sư phần mềm
488,CareerLink,CÔNG TY TNHH SOFT WORLD VIỆT NAM,Trưởng nhóm / Giám sát,Cử nhân,3,thừa thiên - huế,2024-12-04,,,,kỹ sư phần mềm
489,CareerLink,CÔNG TY CỔ PHẦN XÂY DỰNG VÀ ĐẦU TƯ THƯƠNG MẠI HOÀNG HÀ,Nhân viên,Trung học,0,đồng nai,2024-12-06,6000000.0,8000000.0,7000000.0,chuyên viên hỗ trợ kỹ thuật
490,CareerLink,CÔNG TY TNHH SOFT WORLD VIỆT NAM,Nhân viên,Cử nhân,1,hồ chí minh,2024-12-23,,,,kỹ sư phần mềm
491,CareerLink,FPT Education Hồ Chí Minh,Nhân viên,thạc sĩ,2,hồ chí minh,2024-12-09,0.0,0.0,0.0,giảng viên
492,CareerLink,Công Ty Cổ Phần Anvy,Nhân viên,Cử nhân,2,hưng yên,2024-12-11,12000000.0,18000000.0,15000000.0,chuyên viên hỗ trợ kỹ thuật
493,CareerLink,FPT Education Hồ Chí Minh,Nhân viên,thạc sĩ,2,hồ chí minh,2024-12-09,,,,giảng viên
494,CareerLink,Fairfield By Marriott South Binh Duong,Sinh viên / Thực tập sinh,Cử nhân,0,bình dương,2024-12-18,,,1000000.0,công nghệ thông tin
495,CareerLink,Công ty TNHH Lisod Việt Nam,Nhân viên,Cử nhân,2,hà nội,2024-12-24,20000000.0,40000000.0,30000000.0,kỹ sư phần mềm
496,CareerLink,Công ty TNHH Lisod Việt Nam,Nhân viên,Cử nhân,1,hà nội,2024-12-03,10000000.0,16000000.0,13000000.0,nhân viên qc
497,CareerLink,Công Ty TNHH Tech-Link Silicones (VN),Nhân viên,Cử nhân,1,hồ chí minh,2024-12-03,10000000.0,12000000.0,11000000.0,nhân viên erp
499,CareerLink,Công ty TNHH Lisod Việt Nam,Trưởng nhóm / Giám sát,Cử nhân,2,hà nội,2024-12-03,32000000.0,,,chuyên viên tư vấn cntt
500,việclàm24h,Trung Tâm Hạ Tầng Idc - Chi Nhánh Công Ty Công Nghệ Thông Tin Vnpt,Chuyên viên- nhân viên,Cử nhân,0,hà nội,2024-11-29,15000000.0,35000000.0,25000000.0,kỹ sư hệ thống
502,việclàm24h,Công Ty TNHH Leetray,Chuyên viên- nhân viên,Cử nhân,1,tp.hcm,2024-12-24,15000000.0,30000000.0,22500000.0,kỹ sư dữ liệu
504,việclàm24h,Công Ty TNHH Vacif,Quản lý cấp trung,Cử nhân,1,tp.hcm,2024-12-19,15000000.0,25000000.0,20000000.0,technical manager
505,việclàm24h,Công Ty Cổ Phần Giải Pháp Công Nghệ Thế Giới Số,Chuyên viên- nhân viên,Cử nhân,0,tp.hcm,2024-12-17,8000000.0,14000000.0,11000000.0,chuyên viên hỗ trợ kỹ thuật
507,việclàm24h,Công Ty Cổ Phần FFC,Chuyên viên- nhân viên,Không yêu cầu,0,hà nội,2024-12-25,12000000.0,18000000.0,15000000.0,chuyên viên hỗ trợ kỹ thuật
508,việclàm24h,Công Ty TNHH Kỹ Thuật Hiệp Nguyễn,Chuyên viên- nhân viên,Không yêu cầu,0,bình dương,2024-12-24,10000000.0,15000000.0,12500000.0,chuyên viên hỗ trợ kỹ thuật
508,việclàm24h,Công Ty TNHH Kỹ Thuật Hiệp Nguyễn,Chuyên viên- nhân viên,Không yêu cầu,0,tp.hcm,2024-12-24,10000000.0,15000000.0,12500000.0,chuyên viên hỗ trợ kỹ thuật
509,việclàm24h,Công Ty Cổ Phần Med - Aid Công Minh,Chuyên viên- nhân viên,Không yêu cầu,2,hà nội,2024-12-24,10000000.0,15000000.0,12500000.0,kỹ sư phần mềm
510,việclàm24h,Công Ty Cổ Phần Viễn Thông Act,Chuyên viên- nhân viên,Không yêu cầu,0,tp.hcm,2024-12-24,8000000.0,17000000.0,12500000.0,chuyên viên hỗ trợ kỹ thuật
512,việclàm24h,Công Ty TNHH Bmo Int,Chuyên viên- nhân viên,Không yêu cầu,2,tp.hcm,2024-12-22,15000000.0,25000000.0,20000000.0,kỹ sư phần mềm
513,việclàm24h,Công Ty Cổ Phần Cơ Điện Hợp Nhất,Chuyên viên- nhân viên,Cử nhân,0,tp.hcm,2024-12-20,9000000.0,12000000.0,10500000.0,kỹ sư phần mềm
518,việclàm24h,Pathway School (Công Ty CP Giáo Dục Liên Minh Bách Khoa),Chuyên viên- nhân viên,Cử nhân,1,tp.hcm,2024-12-19,10000000.0,12000000.0,11000000.0,giảng viên
519,việclàm24h,Công Ty Tnhh In Nhãn Bao Bì Sài Gòn Label,Chuyên viên- nhân viên,Không yêu cầu,2,tp.hcm,2024-12-14,28000000.0,30000000.0,29000000.0,kỹ sư hệ thống
520,việclàm24h,Công Ty TNHH Develop.Software,Chuyên viên- nhân viên,Không yêu cầu,0,tp.hcm,2024-12-03,8000000.0,15000000.0,11500000.0,kỹ sư phần mềm
521,việclàm24h,Công Ty TNHH Hải Triều Việt Nam (Đồng Hồ Hải Triều),Chuyên viên- nhân viên,Cử nhân,2,tp.hcm,2024-12-11,10000000.0,15000000.0,12500000.0,công nghệ thông tin
522,việclàm24h,Công Ty TNHH Thương Mại Và Tư Vấn Phát Triển Công Nghệ Dna,Chuyên viên- nhân viên,Cử nhân,0,hà nội,2024-12-11,15000000.0,18000000.0,16500000.0,chuyên viên hỗ trợ kỹ thuật
523,việclàm24h,Công Ty TNHH Akc Vina,Chuyên viên- nhân viên,Cử nhân,0,bắc ninh,2024-12-10,16000000.0,26000000.0,21000000.0,kỹ sư phần mềm
524,việclàm24h,Liên Hiệp Hợp Tác Xã TM TP Hồ Chí Minh (Sài Gòn Co-op),Chuyên viên- nhân viên,Không yêu cầu,0,bình thuận,2024-12-25,7000000.0,9000000.0,8000000.0,công nghệ thông tin
526,việclàm24h,Digiworld Corporation,Chuyên viên- nhân viên,Trung cấp,0,phú thọ,2024-12-03,9000000.0,10000000.0,9500000.0,chuyên viên hỗ trợ kỹ thuật
528,việclàm24h,Công Ty TNHH Ezyremit Worldwide,Chuyên viên- nhân viên,Cử nhân,0,tp.hcm,2024-12-25,10000000.0,12000000.0,11000000.0,vận hành
532,việclàm24h,Công Ty TNHH Polytex Far Eastern (Việt Nam),Chuyên viên- nhân viên,Cử nhân,2,tp.hcm,2024-12-19,13000000.0,18000000.0,15500000.0,kỹ sư phần mềm
535,việclàm24h,Công Ty Cổ Phần Thương Mại Và Dịch Vụ Thành Phố Mới,Chuyên viên- nhân viên,Không yêu cầu,0,bình dương,2024-12-10,10000000.0,15000000.0,12500000.0,chuyên viên hỗ trợ kỹ thuật
536,việclàm24h,Trường Cao Đẳng Công Thương Việt Nam,Quản lý cấp cao,Cử nhân,0,tp.hcm,2024-12-20,,,,công nghệ thông tin
537,việclàm24h,Công Ty Cổ Phần Đầu Tư Pitc,Chuyên viên- nhân viên,Không yêu cầu,0,đà nẵng,2024-11-29,8000000.0,15000000.0,11500000.0,chuyên viên hỗ trợ kỹ thuật
537,việclàm24h,Công Ty Cổ Phần Đầu Tư Pitc,Chuyên viên- nhân viên,Không yêu cầu,0,thừa thiên huế,2024-11-29,8000000.0,15000000.0,11500000.0,chuyên viên hỗ trợ kỹ thuật
537,việclàm24h,Công Ty Cổ Phần Đầu Tư Pitc,Chuyên viên- nhân viên,Không yêu cầu,0,tp.hcm,2024-11-29,8000000.0,15000000.0,11500000.0,chuyên viên hỗ trợ kỹ thuật
538,việclàm24h,Công Ty TNHH Bảo Dưỡng Công Nghệ Toàn Cầu VN,Chuyên viên- nhân viên,Cử nhân,0,tp.hcm,2024-12-05,15000000.0,18000000.0,16500000.0,công nghệ thông tin
539,việclàm24h,Công Ty TNHH Danu Vina,Chuyên viên- nhân viên,Không yêu cầu,0,tp.hcm,2024-12-11,7000000.0,12000000.0,9500000.0,chuyên viên hỗ trợ kỹ thuật
540,việclàm24h,Trung Tâm Hạ Tầng Idc - Chi Nhánh Công Ty Công Nghệ Thông Tin Vnpt,Chuyên viên- nhân viên,Cử nhân,0,tp.hcm,2024-11-29,15000000.0,35000000.0,25000000.0,kỹ sư hệ thống
541,việclàm24h,Công Ty Cổ Phần Viễn Thông Fpt,Chuyên viên- nhân viên,Không yêu cầu,0,an giang,2024-12-05,8000000.0,15000000.0,11500000.0,kỹ thuật viên
541,việclàm24h,Công Ty Cổ Phần Viễn Thông Fpt,Chuyên viên- nhân viên,Không yêu cầu,0,kiên giang,2024-12-05,8000000.0,15000000.0,11500000.0,kỹ thuật viên
541,việclàm24h,Công Ty Cổ Phần Viễn Thông Fpt,Chuyên viên- nhân viên,Không yêu cầu,0,tp.hcm,2024-12-05,8000000.0,15000000.0,11500000.0,kỹ thuật viên
542,việclàm24h,Công Ty TNHH Thương Mại Dược Phẩm Minh Tín,Chuyên viên- nhân viên,chứng chỉ,2,tp.hcm,2024-12-03,9000000.0,15000000.0,12000000.0,chuyên viên hỗ trợ kỹ thuật
543,việclàm24h,Công ty TNHH Trường Quốc Tế Dạy Bằng Tiếng Anh,Chuyên viên- nhân viên,Không yêu cầu,1,tp.hcm,2024-12-10,10000000.0,15000000.0,12500000.0,chuyên viên hỗ trợ kỹ thuật
544,việclàm24h,Công Ty TNHH Công Nghệ Akas,Chuyên viên- nhân viên,Trung cấp,1,tp.hcm,2024-12-14,8000000.0,10000000.0,9000000.0,chuyên viên hỗ trợ kỹ thuật
545,việclàm24h,Công Ty Tnhh Một Thành Viên Kỹ Thuật Kinh Doanh Tư Duy Việt,Chuyên viên- nhân viên,Cử nhân,1,tp.hcm,2024-12-06,15000000.0,25000000.0,20000000.0,chuyên viên hỗ trợ kỹ thuật
546,việclàm24h,Công Ty TNHH SX & TM Tân Quang Minh,Chuyên viên- nhân viên,Không yêu cầu,2,tp.hcm,2024-12-09,12000000.0,15000000.0,13500000.0,chuyên viên hỗ trợ kỹ thuật
550,việclàm24h,Chi Nhánh Công Ty Cổ Phần Thương Mại Dịch Vụ Xuất Nhập Khẩu Hpt Việt Nam Tại Hà Nội,Chuyên viên- nhân viên,Không yêu cầu,1,tp.hcm,2024-12-23,15000000.0,25000000.0,20000000.0,quản lý dự án
552,việclàm24h,Công Ty Cổ Phần Công Nghệ Oryza Systems,Chuyên viên- nhân viên,Không yêu cầu,0,bình dương,2024-12-04,8000000.0,15000000.0,11500000.0,chuyên viên hỗ trợ kỹ thuật
555,việclàm24h,Công Ty Cổ Phần Công Nghệ Qi,Chuyên viên- nhân viên,Trung cấp,1,tp.hcm,2024-12-26,9000000.0,12000000.0,10500000.0,chuyên viên hỗ trợ kỹ thuật
557,việclàm24h,Công Ty Cptm Sáng Tạo Công Nghệ Điện Tử Trung Bắc,Chuyên viên- nhân viên,Cử nhân,0,hà nội,2024-12-26,8000000.0,15000000.0,11500000.0,chuyên viên hỗ trợ kỹ thuật
558,việclàm24h,Công Ty Cổ Phần Viễn Thông FPT,Chuyên viên- nhân viên,Không yêu cầu,0,tp.hcm,2024-12-26,8000000.0,13000000.0,10500000.0,chuyên viên hỗ trợ kỹ thuật
559,việclàm24h,Công Ty TNHH Kinh Doanh Siêu Việt,Chuyên viên- nhân viên,Cử nhân,0,đồng nai,2024-12-26,7000000.0,15000000.0,11000000.0,chuyên viên hỗ trợ kỹ thuật
560,việclàm24h,Công Ty TNHH Cocreation Grass Corporation Việt Nam,Chuyên viên- nhân viên,Cử nhân,0,tây ninh,2024-12-26,9000000.0,12000000.0,10500000.0,công nghệ thông tin
561,việclàm24h,Công Ty Cổ Phần Cơ Điện Hợp Nhất,Chuyên viên- nhân viên,Không yêu cầu,0,tp.hcm,2024-12-25,9000000.0,12000000.0,10500000.0,kỹ sư phần mềm
562,việclàm24h,Công Ty TNHH Cocreation Grass Corporation Việt Nam,Chuyên viên- nhân viên,Cử nhân,0,tây ninh,2024-12-25,9000000.0,12000000.0,10500000.0,công nghệ thông tin
567,việclàm24h,Công Ty TNHH Kỹ Thuật Công Nghệ Blue Dream,Chuyên viên- nhân viên,Không yêu cầu,1,tp.hcm,2024-12-24,15000000.0,40000000.0,27500000.0,kỹ sư phần mềm
568,việclàm24h,Công ty TNHH Mai Song Nguyễn,Chuyên viên- nhân viên,Không yêu cầu,0,tp.hcm,2024-12-24,7000000.0,18000000.0,12500000.0,chuyên viên hỗ trợ kỹ thuật
569,việclàm24h,Công Ty TNHH MTV Hiền Phát Lợi,Chuyên viên- nhân viên,Không yêu cầu,0,bình dương,2024-12-24,6000000.0,10000000.0,8000000.0,chuyên viên hỗ trợ kỹ thuật
570,việclàm24h,Công Ty Cổ Phần Phát Triển Phần Mềm Giải Pháp Phân Phối Dược Và Nhà Thuốc,Chuyên viên- nhân viên,Không yêu cầu,0,hà nội,2024-12-24,10000000.0,20000000.0,15000000.0,kỹ sư phần mềm
571,việclàm24h,Công Ty TNHH MTV Xuất Nhập Khẩu 2-9 Đắk Lắk,Chuyên viên- nhân viên,Cử nhân,2,đắk lắk,2024-12-24,10000000.0,15000000.0,12500000.0,công nghệ thông tin
573,việclàm24h,Công Ty TNHH TM Và DV Tin Học Anh Phương,Chuyên viên- nhân viên,Trung cấp,0,tp.hcm,2024-12-24,8000000.0,12000000.0,10000000.0,chuyên viên hỗ trợ kỹ thuật
574,việclàm24h,Công Ty TNHH Phát Triển Công Nghệ Minh Hà,Chuyên viên- nhân viên,Trung học,0,tp.hcm,2024-12-24,7000000.0,12000000.0,9500000.0,chuyên viên hỗ trợ kỹ thuật
575,việclàm24h,Công Ty TNHH Ezyremit Worldwide,Chuyên viên- nhân viên,Cử nhân,0,tp.hcm,2024-12-23,10000000.0,12000000.0,11000000.0,vận hành
577,việclàm24h,Công Ty Cổ Phần Dayone Asia,Chuyên viên- nhân viên,Không yêu cầu,2,tp.hcm,2024-12-23,15000000.0,20000000.0,17500000.0,nhà phân tích dữ liệu
580,việclàm24h,Công Ty TNHH Phát Triển Công Nghệ Minh Hà,Chuyên viên- nhân viên,Trung học,0,tp.hcm,2024-12-23,7000000.0,12000000.0,9500000.0,công nghệ thông tin
581,việclàm24h,Công Ty TNHH Cocreation Grass Corporation Việt Nam,Chuyên viên- nhân viên,Không yêu cầu,0,tây ninh,2024-12-23,9000000.0,12000000.0,10500000.0,công nghệ thông tin
582,việclàm24h,Công Ty TNHH Bmo Int,Chuyên viên- nhân viên,Không yêu cầu,2,tp.hcm,2024-12-23,15000000.0,25000000.0,20000000.0,kỹ sư phần mềm
583,việclàm24h,Công Ty TNHH Bmo Int,Chuyên viên- nhân viên,Không yêu cầu,2,tp.hcm,2024-12-23,15000000.0,25000000.0,20000000.0,kỹ sư phần mềm
584,việclàm24h,Công Ty TNHH Thương Mại Và Vận Tải Phương Anh,Chuyên viên- nhân viên,Không yêu cầu,1,hà nội,2024-12-23,11000000.0,15000000.0,13000000.0,công nghệ thông tin
585,việclàm24h,Công Ty TNHH Tin Học Và Thương Mại Hùng Phát,Chuyên viên- nhân viên,chứng chỉ,0,hà nam,2024-12-21,7000000.0,10000000.0,8500000.0,công nghệ thông tin
586,việclàm24h,Chi Nhánh 5 - Công Ty TNHH Truyền Hình Cáp Saigontourist,Chuyên viên- nhân viên,Trung cấp,0,tp.hcm,2024-12-21,7000000.0,10000000.0,8500000.0,kỹ thuật viên
591,việclàm24h,Công Ty TNHH Phát Triển Công Nghệ Minh Hà,Chuyên viên- nhân viên,Trung học,0,tp.hcm,2024-12-20,7000000.0,12000000.0,9500000.0,công nghệ thông tin
592,việclàm24h,Chi Nhánh Công Ty TNHH Hoàng Kim Precision,Chuyên viên- nhân viên,Cử nhân,1,tp.hcm,2024-12-20,15000000.0,18000000.0,16500000.0,kỹ sư phần mềm
593,việclàm24h,Công Ty TNHH Vietnam Concentrix Services,Quản lý cấp cao,Cử nhân,1,tp.hcm,2024-12-20,,,,nhà phân tích dữ liệu
594,việclàm24h,Công Ty TNHH World Wave Culture Technology,Chuyên viên- nhân viên,Không yêu cầu,2,tp.hcm,2024-12-20,35000000.0,45000000.0,40000000.0,kỹ sư phần mềm
595,việclàm24h,Công Ty Cổ Phần Viễn Thông FPT,Chuyên viên- nhân viên,Trung cấp,0,bắc ninh,2024-12-20,8000000.0,13000000.0,10500000.0,chuyên viên hỗ trợ kỹ thuật
598,việclàm24h,Công Ty TNHH MTG Technology,Chuyên viên- nhân viên,Không yêu cầu,0,hà nội,2024-12-20,10000000.0,16000000.0,13000000.0,kỹ sư phần mềm
599,việclàm24h,Công Ty TNHH Phát Triển Công Nghệ Minh Hà,Chuyên viên- nhân viên,Trung học,0,tp.hcm,2024-12-20,7000000.0,12000000.0,9500000.0,chuyên viên hỗ trợ kỹ thuật
600,việclàm24h,Công Ty CP Đầu Tư Royal Dragon,Chuyên viên- nhân viên,Không yêu cầu,0,tp.hcm,2024-12-20,7000000.0,10000000.0,8500000.0,chuyên viên hỗ trợ kỹ thuật
606,việclàm24h,Công Ty TNHH Thiết Bị Issac,Chuyên viên- nhân viên,Không yêu cầu,0,hà nội,2024-12-19,7000000.0,12000000.0,9500000.0,chuyên viên hỗ trợ kỹ thuật
607,việclàm24h,Công Ty TNHH Thiết Bị Issac,Chuyên viên- nhân viên,Không yêu cầu,0,hà nội,2024-12-19,9000000.0,13000000.0,11000000.0,chuyên viên hỗ trợ kỹ thuật
608,việclàm24h,Công Ty TNHH Thiết Bị Issac,Chuyên viên- nhân viên,Không yêu cầu,0,hà nội,2024-12-19,9000000.0,13000000.0,11000000.0,chuyên viên hỗ trợ kỹ thuật
609,việclàm24h,Công Ty TNHH Thiết Bị Issac,Chuyên viên- nhân viên,Không yêu cầu,0,hà nội,2024-12-19,9000000.0,13000000.0,11000000.0,chuyên viên hỗ trợ kỹ thuật
611,việclàm24h,Công Ty TNHH Cocreation Grass Corporation Việt Nam,Chuyên viên- nhân viên,Không yêu cầu,0,tây ninh,2024-12-19,9000000.0,12000000.0,10500000.0,công nghệ thông tin
612,việclàm24h,Công Ty Cổ Phần Công Nghệ Cao Ctech,Chuyên viên- nhân viên,Không yêu cầu,1,hà nội,2024-12-19,15000000.0,20000000.0,17500000.0,kỹ sư phần mềm
613,việclàm24h,Công Ty TNHH Thương Mại Và Dịch Vụ Nina,Chuyên viên- nhân viên,Không yêu cầu,0,tp.hcm,2024-12-19,7000000.0,15000000.0,11000000.0,chuyên viên tư vấn cntt
616,việclàm24h,Công Ty TNHH Công Nghệ Và Thương Mại Lifesup,Chuyên viên- nhân viên,Không yêu cầu,0,hà nội,2024-12-18,3000000.0,5000000.0,4000000.0,quản lý dự án
617,việclàm24h,Công Ty Tnhh Techcraft,Chuyên viên- nhân viên,Không yêu cầu,1,tp.hcm,2024-12-18,20000000.0,25000000.0,22500000.0,kỹ sư kiểm thử phần mềm
620,việclàm24h,Công Ty TNHH Gia Hòa,Chuyên viên- nhân viên,Cử nhân,2,bình thuận,2024-12-18,12000000.0,30000000.0,21000000.0,công nghệ thông tin
623,việclàm24h,Công Ty TNHH Stickley International,Chuyên viên- nhân viên,Không yêu cầu,2,bình dương,2024-12-18,20000000.0,30000000.0,25000000.0,kỹ sư phần mềm
624,việclàm24h,Minh Anh Technology,Chuyên viên- nhân viên,Không yêu cầu,0,tp.hcm,2024-12-18,7000000.0,15000000.0,11000000.0,chuyên viên hỗ trợ kỹ thuật
625,việclàm24h,Công Ty Cổ Phần Viễn Thông FPT,Chuyên viên- nhân viên,Trung cấp,0,tp.hcm,2024-12-17,8000000.0,20000000.0,14000000.0,kỹ thuật viên
626,việclàm24h,Công Ty TNHH Phát Triển Công Nghệ Minh Hà,Chuyên viên- nhân viên,Trung học,0,tp.hcm,2024-12-17,7000000.0,12000000.0,9500000.0,chuyên viên hỗ trợ kỹ thuật
628,việclàm24h,Haposoft,Chuyên viên- nhân viên,Không yêu cầu,0,hà nội,2024-12-17,10000000.0,20000000.0,15000000.0,kỹ sư kiểm thử phần mềm
629,việclàm24h,Công Ty TNHH Công Nghệ Dana Smart,Chuyên viên- nhân viên,Không yêu cầu,0,đà nẵng,2024-12-17,7000000.0,10000000.0,8500000.0,chuyên viên hỗ trợ kỹ thuật
630,việclàm24h,Công Ty TNHH Máy Văn Phòng Hùng Minh,Chuyên viên- nhân viên,Trung cấp,0,hải phòng,2024-12-17,8000000.0,16000000.0,12000000.0,chuyên viên hỗ trợ kỹ thuật
631,việclàm24h,Công Ty TNHH Thiết Bị Minh Tâm,Chuyên viên- nhân viên,Không yêu cầu,1,hà nội,2024-12-17,15000000.0,18000000.0,16500000.0,kỹ sư kiểm thử phần mềm
634,việclàm24h,Công Ty TNHH Itpl Việt Nam,Chuyên viên- nhân viên,Cử nhân,1,đà nẵng,2024-12-17,12000000.0,24000000.0,18000000.0,kỹ sư phần mềm
635,việclàm24h,Công Ty TNHH Electronic Tripod Việt Nam (Châu Đức),Quản lý nhóm- giám sát,Cử nhân,1,bà rịa - vũng tàu,2024-12-17,25000000.0,30000000.0,27500000.0,kỹ sư hệ thống
637,việclàm24h,Công Ty Cổ Phần Viễn Thông FPT,Chuyên viên- nhân viên,Trung cấp,0,tp.hcm,2024-12-16,10000000.0,20000000.0,15000000.0,chuyên viên hỗ trợ kỹ thuật
638,việclàm24h,Công Ty TNHH Vietnam Concentrix Services,Chuyên viên- nhân viên,Cử nhân,2,tp.hcm,2024-12-16,15000000.0,20000000.0,17500000.0,kỹ sư phần mềm
639,việclàm24h,Công Ty TNHH Thương Mại Dịch Vụ Và Công Nghệ Anninh365,Chuyên viên- nhân viên,Trung học,0,hà nội,2024-12-16,10000000.0,20000000.0,15000000.0,chuyên viên hỗ trợ kỹ thuật
640,việclàm24h,Công Ty Cổ Phần Viễn Thông FPT,Chuyên viên- nhân viên,Cử nhân,2,tp.hcm,2024-12-16,20000000.0,40000000.0,30000000.0,kỹ sư phần mềm
641,việclàm24h,Công Ty Cổ Phần Giải Pháp Ngọn Sóng Mới,Chuyên viên- nhân viên,Không yêu cầu,0,hà nội,2024-12-16,13000000.0,20000000.0,16500000.0,kỹ sư học máy
642,việclàm24h,Công Ty TNHH Cocreation Grass Corporation Việt Nam,Chuyên viên- nhân viên,Cử nhân,0,tây ninh,2024-12-16,9000000.0,12000000.0,10500000.0,công nghệ thông tin
643,việclàm24h,Công Ty Cổ Phần Viễn Thông FPT,Chuyên viên- nhân viên,Trung cấp,0,tp.hcm,2024-12-16,10000000.0,15000000.0,12500000.0,kỹ thuật viên
644,việclàm24h,Công Ty Cổ Phần Viễn Thông FPT,Chuyên viên- nhân viên,Trung cấp,0,tây ninh,2024-12-16,9000000.0,15000000.0,12000000.0,chuyên viên hỗ trợ kỹ thuật
646,việclàm24h,Công Ty TNHH Tin Học Viễn Thông Đăng Hậu,Chuyên viên- nhân viên,Không yêu cầu,0,khánh hòa,2024-12-15,5000000.0,10000000.0,7500000.0,chuyên viên hỗ trợ kỹ thuật
647,việclàm24h,Công Ty TNHH Tích Hợp Hệ Thống Nht,Chuyên viên- nhân viên,Cử nhân,0,kiên giang,2024-12-14,12000000.0,18000000.0,15000000.0,công nghệ thông tin
648,việclàm24h,Công Ty TNHH Điện Tử Streamax (Việt Nam),Chuyên viên- nhân viên,Không yêu cầu,2,bắc ninh,2024-12-14,15000000.0,25000000.0,20000000.0,kỹ sư học máy
649,việclàm24h,Công Ty TNHH Điện Tử Streamax (Việt Nam),Chuyên viên- nhân viên,Không yêu cầu,2,bắc ninh,2024-12-14,15000000.0,30000000.0,22500000.0,kỹ sư phần mềm
650,Vietnamwork,Tổng Công Ty Bảo Hiểm BIDV (BIC),Nhân viên,Không yêu cầu,0,hà nội,2024-12-26,20000000.0,37000000.0,28500000.0,kỹ sư phần mềm
651,Vietnamwork,Công Ty Cổ Phần HTC Viễn Thông Quốc Tế,Nhân viên,Không yêu cầu,1,hà nội,2024-12-04,,,,chuyên viên tư vấn cntt
652,Vietnamwork,AIA Vietnam (Great Place To Work® Certified),Nhân viên,Không yêu cầu,3,hồ chí minh,2024-12-04,,,,mới automation qc
653,Vietnamwork,Techcombank,Nhân viên,Không yêu cầu,2,hà nội,2024-12-04,,,,nhà thiết kế
654,Vietnamwork,Công Ty TNHH Công Nghệ Huawei Việt Nam,Nhân viên,Không yêu cầu,1,hà nội,2024-12-04,,,,kỹ sư phần mềm
655,Vietnamwork,Công Ty Cổ Phần Chứng Khoán KIS Việt Nam,Nhân viên,Không yêu cầu,1,hồ chí minh,2024-12-05,20000000.0,62000000.0,41000000.0,kỹ sư cơ sở dữ liệu
656,Vietnamwork,Prudential Vietnam Assurance,Trưởng phòng,Không yêu cầu,1,hồ chí minh,2024-12-05,,,,nhà phân tích dữ liệu
657,Vietnamwork,Itechwx Company Limited,Nhân viên,Không yêu cầu,0,hồ chí minh,2024-12-05,22000000.0,28000000.0,25000000.0,kỹ sư phần mềm
658,Vietnamwork,ITECHWX COMPANY LIMITED,Nhân viên,Không yêu cầu,0,hồ chí minh,2024-12-05,20000000.0,24000000.0,22000000.0,kỹ sư phần mềm
659,Vietnamwork,Navigos Group,Nhân viên,Không yêu cầu,2,hồ chí minh,2024-11-29,30000000.0,45000000.0,37500000.0,nhà thiết kế
660,Vietnamwork,LG Electronics Development Vietnam Company Limited,Nhân viên,Không yêu cầu,0,đà nẵng,2024-11-29,20000000.0,62000000.0,41000000.0,kỹ sư phần mềm
661,Vietnamwork,LG Electronics R&D Vietnam,Mới Tốt Nghiệp,Không yêu cầu,2,hà nội,2024-12-03,,55000000.0,,kỹ sư phần mềm
662,Vietnamwork,LG Electronics R&D Vietnam,Mới Tốt Nghiệp,Không yêu cầu,0,hà nội,2024-12-03,,55000000.0,,kỹ sư phần mềm
664,Vietnamwork,Vietnam Australia International School (Vas),Nhân viên,Không yêu cầu,1,hồ chí minh,2024-12-04,,,,crm team leader
665,Vietnamwork,Deloitte Consulting SEA,Nhân viên,Không yêu cầu,0,hồ chí minh,2024-12-13,,,,chuyên viên tư vấn cntt
665,Vietnamwork,Deloitte Consulting SEA,Nhân viên,Không yêu cầu,0,hà nội,2024-12-13,,,,chuyên viên tư vấn cntt
666,Vietnamwork,Deloitte Consulting SEA,Nhân viên,Không yêu cầu,0,hồ chí minh,2024-12-13,,,,chuyên viên tư vấn cntt
666,Vietnamwork,Deloitte Consulting SEA,Nhân viên,Không yêu cầu,0,hà nội,2024-12-13,,,,chuyên viên tư vấn cntt
668,Vietnamwork,Endava Việt Nam,Nhân viên,Không yêu cầu,3,hồ chí minh,2024-12-19,,,,chuyên viên tư vấn cntt
671,Vietnamwork,Công Ty TNHH Atec System Việt Nam,Nhân viên,Không yêu cầu,0,hà nội,2024-12-10,,,,chuyên viên hỗ trợ kỹ thuật
672,Vietnamwork,Hanacans JSC,Nhân viên,Không yêu cầu,0,bắc ninh,2024-12-09,20000000.0,25000000.0,22500000.0,công nghệ thông tin
672,Vietnamwork,Hanacans JSC,Nhân viên,Không yêu cầu,0,hà nội,2024-12-09,20000000.0,25000000.0,22500000.0,công nghệ thông tin
673,Vietnamwork,Concentrix,Trưởng phòng,Không yêu cầu,2,hồ chí minh,2024-12-18,12000000.0,40000000.0,26000000.0,kỹ sư phần mềm
674,Vietnamwork,Concentrix,Nhân viên,Không yêu cầu,1,hồ chí minh,2024-12-18,12000000.0,40000000.0,26000000.0,nhà phân tích dữ liệu
675,Vietnamwork,Công Ty Viễn Thông Điện Lực Và Công Nghệ Thông Tin (Evnict) – Tập Đoàn Điện Lực Việt Nam,Mới Tốt Nghiệp,Không yêu cầu,0,hà nội,2024-11-26,,,,chuyên viên bảo mật thông tin
676,Vietnamwork,Deloitte Consulting SEA,Nhân viên,Không yêu cầu,0,hồ chí minh,2024-11-29,,,,nhà phân tích dữ liệu
676,Vietnamwork,Deloitte Consulting SEA,Nhân viên,Không yêu cầu,0,hà nội,2024-11-29,,,,nhà phân tích dữ liệu
677,Vietnamwork,Deloitte Consulting SEA,Nhân viên,Không yêu cầu,2,hồ chí minh,2024-11-29,,,,chuyên viên tư vấn cntt
677,Vietnamwork,Deloitte Consulting SEA,Nhân viên,Không yêu cầu,2,hà nội,2024-11-29,,,,chuyên viên tư vấn cntt
678,Vietnamwork,Deloitte Consulting SEA,Nhân viên,Không yêu cầu,3,hồ chí minh,2024-11-29,,,,chuyên viên tư vấn cntt
678,Vietnamwork,Deloitte Consulting SEA,Nhân viên,Không yêu cầu,3,hà nội,2024-11-29,,,,chuyên viên tư vấn cntt
679,Vietnamwork,Deloitte Consulting SEA,Nhân viên,Không yêu cầu,3,hồ chí minh,2024-11-29,,,,chuyên viên tư vấn cntt
679,Vietnamwork,Deloitte Consulting SEA,Nhân viên,Không yêu cầu,3,hà nội,2024-11-29,,,,chuyên viên tư vấn cntt
681,Vietnamwork,Công Ty Cổ Phần HDV Mobisoft,Nhân viên,Không yêu cầu,1,hà nội,2024-12-23,,50000000.0,,kỹ sư phần mềm
682,Vietnamwork,Netcompany,Mới Tốt Nghiệp,Không yêu cầu,0,hồ chí minh,2024-12-02,,,,kỹ sư phần mềm
683,Vietnamwork,Athena Studio,Nhân viên,Không yêu cầu,0,hồ chí minh,2024-12-11,,,,mobile game research assistant
684,Vietnamwork,Công Ty Cổ Phần Gemadept,Nhân viên,Không yêu cầu,0,hồ chí minh,2024-11-29,,,,nhà phân tích dữ liệu
686,Vietnamwork,Công Ty TNHH Một Thành Viên Đầu Tư Và Thương Mại The Garden,Nhân viên,Không yêu cầu,3,hà nội,2024-12-20,,,,kỹ sư phần mềm
687,Vietnamwork,Công Ty Cổ Phần Chứng Khoán KB Việt Nam,Nhân viên,Không yêu cầu,2,hà nội,2024-12-20,12000000.0,25000000.0,18500000.0,nhà phát triển web
688,Vietnamwork,Công Ty Chứng Khoán Yuanta Việt Nam,Nhân viên,Không yêu cầu,1,hà nội,2024-11-29,,30000000.0,,nhà phân tích dữ liệu
689,Vietnamwork,Công Ty Cổ Phần Bảo Hiểm Opes,Nhân viên,Không yêu cầu,1,hà nội,2024-11-29,,,,nhà phân tích dữ liệu
691,Vietnamwork,"ENERCON VIETNAM CO., LTD.",Nhân viên,Không yêu cầu,2,hồ chí minh,2024-11-29,,,,nhà phân tích dữ liệu
692,Vietnamwork,"Truecommerce Vietnam Company, Limited",Mới Tốt Nghiệp,Không yêu cầu,0,hồ chí minh,2024-12-20,,,,kỹ sư mạng
693,Vietnamwork,Công Ty Cổ Phần Thiết Bị Công Nghiệp Và Chuyển Giao Công Nghệ Việt Thắng,Nhân viên,Không yêu cầu,1,hà nội,2024-11-26,,,,kỹ sư hệ thống
694,Vietnamwork,Ernst & Young Vietnam Limited (EY Vietnam),Nhân viên,Không yêu cầu,1,hồ chí minh,2024-12-18,,,,chuyên viên tư vấn cntt
694,Vietnamwork,Ernst & Young Vietnam Limited (EY Vietnam),Nhân viên,Không yêu cầu,1,hà nội,2024-12-18,,,,chuyên viên tư vấn cntt
695,Vietnamwork,"INOUE Rubber Vietnam CO., LTD.",Trưởng phòng,Không yêu cầu,2,hà nội,2024-12-17,,,,công nghệ thông tin
697,Vietnamwork,MCGAAW,Mới Tốt Nghiệp,Không yêu cầu,0,hồ chí minh,2024-11-26,,,,kỹ sư phần mềm
698,Vietnamwork,"Neos Vietnam International Co., Ltd",Nhân viên,Không yêu cầu,0,hà nội,2024-11-26,,37000000.0,,kỹ sư phần mềm
699,Vietnamwork,Hoiio Pte Ltd,Mới Tốt Nghiệp,Không yêu cầu,0,đà nẵng,2024-12-17,,,,nhà thiết kế
700,Vietnamwork,Công Ty Cổ Phần Hóa Chất Thực Phẩm Châu Á,Nhân viên,Không yêu cầu,0,hà nội,2024-11-26,,,,kỹ sư hệ thống
701,Vietnamwork,Công Ty TNHH LG Innotek Việt Nam Hải Phòng,Nhân viên,Không yêu cầu,0,hải phòng,2024-11-26,,25000000.0,,kỹ sư phần mềm
702,Vietnamwork,Trusting Social,Nhân viên,Không yêu cầu,3,hồ chí minh,2024-12-25,,,,nhà phân tích dữ liệu
703,Vietnamwork,Cathay United Bank,Nhân viên,Không yêu cầu,2,hồ chí minh,2024-12-11,,,,nhà phân tích dữ liệu
704,Vietnamwork,Mizuno Viet Nam Company Limited,Nhân viên,Không yêu cầu,1,long an,2024-12-25,,,,qc – 01 person
707,Vietnamwork,"Toshiba Software Development (Vietnam) Co., Ltd",Mới Tốt Nghiệp,Không yêu cầu,0,hà nội,2024-12-10,,,,on job training
708,Vietnamwork,Trường Đại Học Ngoại Ngữ - Tin Học Thành Phố Hồ Chí Minh,Nhân viên,Không yêu cầu,0,hồ chí minh,2024-12-04,,,,kỹ sư phần mềm
709,Vietnamwork,Hyundai Thành Công Việt Nam (Hyundai.thanhcong.vn),Mới Tốt Nghiệp,Không yêu cầu,0,hà nội,2024-12-13,,,,nhà phân tích dữ liệu
710,Vietnamwork,Bosch Global Software Technologies Company Limited,Nhân viên,Không yêu cầu,0,hồ chí minh,2024-12-03,,,,kỹ sư phần mềm
711,Vietnamwork,Bosch Global Software Technologies Company Limited,Trưởng phòng,Không yêu cầu,0,hồ chí minh,2024-12-03,,,,chuyên viên tư vấn cntt
713,Vietnamwork,Puwell Cloud Tech Limited,Thực tập sinh/Sinh viên,Không yêu cầu,0,hồ chí minh,2024-12-03,3000000.0,5000000.0,4000000.0,kỹ sư phần mềm
714,Vietnamwork,Công Ty TNHH PNK,Trưởng phòng,Không yêu cầu,0,hà nội,2024-12-03,37000000.0,50000000.0,43500000.0,công nghệ thông tin
715,Vietnamwork,SG Zone,Nhân viên,Không yêu cầu,3,hà nội,2024-12-02,45000000.0,55000000.0,50000000.0,kỹ sư phần mềm
716,Vietnamwork,Bosch Global Software Technologies Company Limited,Trưởng phòng,Không yêu cầu,3,hồ chí minh,2024-12-03,,,,công nghệ thông tin
717,Vietnamwork,"Japan Awaits Co., Ltd.",Nhân viên,Không yêu cầu,3,quốc tế,2024-12-03,57000000.0,67000000.0,62000000.0,kỹ sư phần mềm
719,Vietnamwork,Công Ty TNHH Thủ Công Mỹ Nghệ Và Nội Thất Ngọc Sơn,Nhân viên,Không yêu cầu,1,hà nội,2024-12-02,,,,kỹ sư phần mềm
720,Vietnamwork,Chi Nhánh Công Ty TNHH KPMG,Trưởng phòng,Không yêu cầu,0,hồ chí minh,2024-12-12,,,,chuyên viên bảo mật thông tin
720,Vietnamwork,Chi Nhánh Công Ty TNHH KPMG,Trưởng phòng,Không yêu cầu,0,hà nội,2024-12-12,,,,chuyên viên bảo mật thông tin
722,Vietnamwork,"Schiesser It, LLC",Nhân viên,Không yêu cầu,1,quốc tế,2024-12-12,50000000.0,100000000.0,75000000.0,kỹ sư phần mềm
723,Vietnamwork,Công Ty Cổ Phần Chứng Khoán SSI,Nhân viên,Không yêu cầu,0,hà nội,2024-12-23,32000000.0,62000000.0,47000000.0,chuyên viên bảo mật thông tin
724,Vietnamwork,Bệnh Viện Mắt Quốc Tế Việt - Nga,Nhân viên,Không yêu cầu,3,hà nội,2024-12-23,,,,kỹ sư hệ thống
725,Vietnamwork,Head hunter,Trưởng phòng,Không yêu cầu,3,,2024-12-23,,,,lab manager
726,Vietnamwork,Tập Đoàn Tân Á Đại Thành,Nhân viên,Không yêu cầu,0,hà nội,2024-12-23,,,,công nghệ thông tin
727,Vietnamwork,Crif D&B Vietnam LLC,Mới Tốt Nghiệp,Không yêu cầu,0,hồ chí minh,2024-12-23,,,,operation support executive
729,Vietnamwork,Chi Nhánh Công Ty TNHH KPMG,Nhân viên,Không yêu cầu,0,hồ chí minh,2024-12-10,,,,kỹ sư phần mềm
730,Vietnamwork,Chi Nhánh Công Ty TNHH KPMG,Mới Tốt Nghiệp,Không yêu cầu,0,hồ chí minh,2024-12-10,,,,chuyên viên tư vấn cntt
731,Vietnamwork,Shinhan Vietnam Finance Company Limited,Nhân viên,Không yêu cầu,0,hồ chí minh,2024-12-10,,,,nhà phân tích dữ liệu
732,Vietnamwork,"Toshiba Software Development (Vietnam) CO., LTD",Mới Tốt Nghiệp,Không yêu cầu,0,hà nội,2024-12-10,3300000.0,7500000.0,5400000.0,kỹ sư phần mềm
733,Vietnamwork,Be Group Joint Stock Company,Nhân viên,Không yêu cầu,3,hồ chí minh,2024-12-10,,,,nhà phân tích dữ liệu
734,Vietnamwork,Công Ty Cổ Phần Giải Pháp Công Nghệ Thông Tin Và Hạ Tầng Truyền Dẫn VinITIS,Nhân viên,Không yêu cầu,1,hải phòng,2024-12-21,,,,chuyên viên noc
734,Vietnamwork,Công Ty Cổ Phần Giải Pháp Công Nghệ Thông Tin Và Hạ Tầng Truyền Dẫn VinITIS,Nhân viên,Không yêu cầu,1,hà nội,2024-12-21,,,,chuyên viên noc
735,Vietnamwork,Công Ty TNHH ActsOne Việt Nam,Nhân viên,Không yêu cầu,3,đà nẵng,2024-12-20,,,,kỹ sư phần mềm
735,Vietnamwork,Công Ty TNHH ActsOne Việt Nam,Nhân viên,Không yêu cầu,3,hồ chí minh,2024-12-20,,,,kỹ sư phần mềm
735,Vietnamwork,Công Ty TNHH ActsOne Việt Nam,Nhân viên,Không yêu cầu,3,hà nội,2024-12-20,,,,kỹ sư phần mềm
736,Vietnamwork,Công Ty TNHH Dịch Vụ Zim Integrated Shipping (Việt Nam),Nhân viên,Không yêu cầu,1,hồ chí minh,2024-12-20,,,,chuyên viên hỗ trợ kỹ thuật
737,Vietnamwork,Công Ty TNHH CJ Olivenetworks VINA,Trưởng phòng,Không yêu cầu,3,hồ chí minh,2024-11-29,75000000.0,125000000.0,100000000.0,system operation team leader
738,việclàm24h,Công Ty TNHH Điện Tử Streamax (Việt Nam),Chuyên viên- nhân viên,Không yêu cầu,2,bắc ninh,2024-12-14,25000000.0,35000000.0,30000000.0,công nghệ thông tin
739,việclàm24h,Công Ty Cổ Phần Viễn Thông FPT,Chuyên viên- nhân viên,Không yêu cầu,0,cà mau,2024-12-14,10000000.0,15000000.0,12500000.0,chuyên viên hỗ trợ kỹ thuật
740,việclàm24h,Công Ty TNHH Công Nghệ Viet Star,Chuyên viên- nhân viên,Trung cấp,0,hà nội,2024-12-13,7000000.0,20000000.0,13500000.0,chuyên viên hỗ trợ kỹ thuật
741,việclàm24h,Công Ty Cổ Phần Tập Đoàn Techhub,Cộng tác viên,Không yêu cầu,0,hà nội,2024-12-13,3000000.0,10000000.0,6500000.0,nhà thiết kế
742,việclàm24h,Công Ty Cổ Phần A.R.T,Chuyên viên- nhân viên,Cử nhân,0,hà nội,2024-12-13,7000000.0,11000000.0,9000000.0,chuyên viên hỗ trợ kỹ thuật
743,việclàm24h,Thanh Mai Digital,Chuyên viên- nhân viên,Không yêu cầu,0,tp.hcm,2024-12-13,7000000.0,20000000.0,13500000.0,kỹ thuật viên
744,việclàm24h,Công Ty CP Chứng Khoán Fpt,Chuyên viên- nhân viên,Không yêu cầu,0,hà nội,2024-12-13,10000000.0,20000000.0,15000000.0,kỹ sư cơ sở dữ liệu
745,việclàm24h,Công Ty CP Chứng Khoán Fpt,Chuyên viên- nhân viên,Không yêu cầu,2,hà nội,2024-12-13,10000000.0,20000000.0,15000000.0,kỹ sư phần mềm
746,việclàm24h,Công Ty CP Chứng Khoán Fpt,Chuyên viên- nhân viên,Không yêu cầu,0,hà nội,2024-12-13,10000000.0,20000000.0,15000000.0,vận hành
747,việclàm24h,Chi Nhánh Hải Dương - Công Ty Cổ Phần Viễn Thông Fpt,Chuyên viên- nhân viên,Không yêu cầu,0,hải dương,2024-12-13,10000000.0,15000000.0,12500000.0,chuyên viên hỗ trợ kỹ thuật
748,việclàm24h,Công Ty Cổ Phần Viễn Thông FPT,Chuyên viên- nhân viên,Không yêu cầu,0,hải dương,2024-12-13,10000000.0,15000000.0,12500000.0,chuyên viên hỗ trợ kỹ thuật
749,việclàm24h,Chi Nhánh Hải Dương - Công Ty Cổ Phần Viễn Thông Fpt,Chuyên viên- nhân viên,Không yêu cầu,0,hải dương,2024-12-13,9000000.0,12000000.0,10500000.0,chuyên viên hỗ trợ kỹ thuật
750,việclàm24h,Văn Phòng Đại Diện Công Ty Cổ Phần Goku Việt Nam,Chuyên viên- nhân viên,Cử nhân,1,tp.hcm,2024-12-13,10000000.0,20000000.0,15000000.0,kỹ sư phần mềm
751,việclàm24h,Công Ty TNHH Transcosmos Việt Nam,Chuyên gia,Cử nhân,1,tp.hcm,2024-12-13,18000000.0,25000000.0,21500000.0,kỹ sư phần mềm
752,việclàm24h,Công Ty Cổ Phần Viễn Thông FPT,Chuyên viên- nhân viên,Không yêu cầu,0,hải dương,2024-12-13,9000000.0,12000000.0,10500000.0,chuyên viên hỗ trợ kỹ thuật
753,việclàm24h,Công ty Cổ Phần Đầu Tư Công Nghệ HACOM,Chuyên viên- nhân viên,Không yêu cầu,0,hà nội,2024-12-13,12000000.0,15000000.0,13500000.0,chuyên viên hỗ trợ kỹ thuật
756,việclàm24h,Công Ty Cổ Phần Công Nghệ Mobiwork Việt Nam,Chuyên viên- nhân viên,Không yêu cầu,0,hà nội,2024-12-12,8000000.0,20000000.0,14000000.0,kỹ sư phần mềm
757,việclàm24h,Công Ty TNHH Rochdale Spears,Chuyên viên- nhân viên,Không yêu cầu,1,bình dương,2024-12-12,10000000.0,50000000.0,30000000.0,chuyên viên bảo mật thông tin
759,việclàm24h,Công Ty TNHH Vicenter Việt Nam,Chuyên viên- nhân viên,Cử nhân,0,hà nội,2024-12-11,2000000.0,6000000.0,4000000.0,nhà thiết kế
760,việclàm24h,Công Ty Cổ Phần Tập Đoàn Đầu Tư Klb,Chuyên viên- nhân viên,Cử nhân,2,hà nội,2024-12-11,12000000.0,15000000.0,13500000.0,kỹ sư hệ thống
761,việclàm24h,Công Ty Cổ Phần Viễn Thông FPT,Chuyên viên- nhân viên,Không yêu cầu,1,tp.hcm,2024-12-11,15000000.0,30000000.0,22500000.0,kỹ sư phần mềm
762,việclàm24h,Công Ty TNHH Bảo Dưỡng Toàn Cầu,Chuyên viên- nhân viên,Không yêu cầu,0,hải phòng,2024-12-11,7500000.0,11000000.0,9250000.0,kỹ thuật viên bảo trì & sửa chữa máy atm
765,việclàm24h,Công Ty TNHH Phát Triển Công Nghệ Minh Hà,Chuyên viên- nhân viên,Trung học,0,tp.hcm,2024-12-11,7000000.0,12000000.0,9500000.0,chuyên viên hỗ trợ kỹ thuật
766,việclàm24h,Công Ty TNHH Phát Triển Công Nghệ Minh Hà,Chuyên viên- nhân viên,Trung học,0,tp.hcm,2024-12-11,7000000.0,12000000.0,9500000.0,chuyên viên hỗ trợ kỹ thuật
768,việclàm24h,Công Ty Cổ Phần Viễn Thông FPT,Cộng tác viên,Không yêu cầu,0,vĩnh long,2024-12-11,500000.0,1000000.0,750000.0,công nghệ thông tin
769,việclàm24h,Công Ty TNHH XD-TM&pt Công Nghệ Số Việt Nam,Chuyên viên- nhân viên,Không yêu cầu,1,thanh hóa,2024-12-10,7500000.0,9000000.0,8250000.0,chuyên viên hỗ trợ kỹ thuật
771,việclàm24h,Công Ty TNHH Dịch Vụ Thương Mại Và Bất Động Sản Đăng Khoa,Chuyên viên- nhân viên,Trung cấp,0,hà nội,2024-12-10,8000000.0,12000000.0,10000000.0,chuyên viên hỗ trợ kỹ thuật
772,việclàm24h,Công Ty Cổ Phần Sách Mcbooks,Chuyên viên- nhân viên,Trung học,0,hà nội,2024-12-10,10000000.0,12000000.0,11000000.0,chuyên viên hỗ trợ kỹ thuật
773,việclàm24h,Công Ty Cổ Phần Công Nghệ W.H.Y Soft,Quản lý nhóm- giám sát,Không yêu cầu,2,tp.hcm,2024-12-10,25000000.0,30000000.0,27500000.0,kỹ sư hệ thống
774,việclàm24h,Công Ty Cổ Phần Viễn Thông FPT,Chuyên viên- nhân viên,Trung cấp,0,đà nẵng,2024-12-10,8000000.0,15000000.0,11500000.0,chuyên viên hỗ trợ kỹ thuật
775,việclàm24h,Công Ty Luật TNHH Collectius Cms Lawfirm,Chuyên viên- nhân viên,Không yêu cầu,0,tp.hcm,2024-12-10,20000000.0,25000000.0,22500000.0,kỹ sư phần mềm
776,việclàm24h,Chi Nhánh Công Ty Cổ Phần Vật Tư Công Nghiệp Bambo,Chuyên viên- nhân viên,Không yêu cầu,0,hà nội,2024-12-10,8000000.0,10000000.0,9000000.0,chuyên viên hỗ trợ kỹ thuật
778,việclàm24h,Công Ty TNHH Thương Mại Và Dược Phẩm Hoàng Hà,Chuyên viên- nhân viên,Cử nhân,0,phú thọ,2024-12-10,8000000.0,12000000.0,10000000.0,kỹ sư hệ thống
779,việclàm24h,Công Ty Cổ Phần Viễn Thông Act Miền Nam,Chuyên viên- nhân viên,Không yêu cầu,0,lâm đồng,2024-12-10,7000000.0,8000000.0,7500000.0,chuyên viên hỗ trợ kỹ thuật
780,việclàm24h,Công Ty Cổ Phần Thương Mại Và Dịch Vụ Thành Phố Mới,Chuyên viên- nhân viên,Không yêu cầu,0,bình dương,2024-12-10,10000000.0,15000000.0,12500000.0,chuyên viên hỗ trợ kỹ thuật
781,việclàm24h,Công Ty TNHH China Mobile International (Việt Nam),Chuyên viên- nhân viên,Cử nhân,2,hà nội,2024-12-09,20000000.0,50000000.0,35000000.0,chuyên viên tư vấn cntt
783,việclàm24h,Công Ty Luật TNHH Collectius Cms Lawfirm,Chuyên viên- nhân viên,Không yêu cầu,0,tp.hcm,2024-12-09,20000000.0,25000000.0,22500000.0,kỹ sư phần mềm
785,việclàm24h,Công Ty Cổ Phần Dịch Vụ Phần Mềm Aries,Chuyên viên- nhân viên,Không yêu cầu,2,hà nội,2024-12-09,80000000.0,120000000.0,100000000.0,công nghệ thông tin
786,việclàm24h,Công Ty TNHH Thương Mại Và Dịch Vụ Công Nghệ Dns,Chuyên viên- nhân viên,Cử nhân,0,bắc ninh,2024-12-09,7000000.0,15000000.0,11000000.0,chuyên viên hỗ trợ kỹ thuật
786,việclàm24h,Công Ty TNHH Thương Mại Và Dịch Vụ Công Nghệ Dns,Chuyên viên- nhân viên,Cử nhân,0,hà nội,2024-12-09,7000000.0,15000000.0,11000000.0,chuyên viên hỗ trợ kỹ thuật
786,việclàm24h,Công Ty TNHH Thương Mại Và Dịch Vụ Công Nghệ Dns,Chuyên viên- nhân viên,Cử nhân,0,tp.hcm,2024-12-09,7000000.0,15000000.0,11000000.0,chuyên viên hỗ trợ kỹ thuật
787,việclàm24h,Công Ty Cổ Phần Viễn Thông FPT,Chuyên viên- nhân viên,Trung cấp,0,tp.hcm,2024-12-09,8000000.0,20000000.0,14000000.0,chuyên viên hỗ trợ kỹ thuật
788,việclàm24h,Công Ty TNHH Cocreation Grass Corporation Việt Nam,Chuyên viên- nhân viên,Cử nhân,0,tây ninh,2024-12-09,9000000.0,12000000.0,10500000.0,chuyên viên hỗ trợ kỹ thuật
791,việclàm24h,Công Ty Cổ Phần Dịch Vụ Và Công Nghệ Dina,Chuyên viên- nhân viên,Cử nhân,1,hà nội,2024-12-09,10000000.0,15000000.0,12500000.0,kỹ thuật triển khai
792,việclàm24h,Công Ty TNHH KD Quốc Tế,Quản lý cấp cao,Không yêu cầu,2,hà nội,2024-12-09,,,,kỹ sư hệ thống
792,việclàm24h,Công Ty TNHH KD Quốc Tế,Quản lý cấp cao,Không yêu cầu,2,thái nguyên,2024-12-09,,,,kỹ sư hệ thống
793,việclàm24h,Công Ty TNHH Kỹ Thuật Và Công Nghệ Phương Vũ,Chuyên viên- nhân viên,Trung cấp,0,tp.hcm,2024-12-09,8000000.0,15000000.0,11500000.0,chuyên viên hỗ trợ kỹ thuật
794,việclàm24h,Công Ty TNHH Winstar Media,Chuyên viên- nhân viên,Cử nhân,0,nghệ an,2024-12-09,7000000.0,10000000.0,8500000.0,công nghệ thông tin
796,việclàm24h,Công Ty Cổ Phần Viễn Thông FPT,Chuyên viên- nhân viên,Cử nhân,0,hải dương,2024-12-07,13000000.0,15000000.0,14000000.0,kỹ sư mạng
797,việclàm24h,Công Ty CP Nông Nghiệp Trường Hải,Quản lý cấp cao,Không yêu cầu,3,gia lai,2024-12-07,,,,chuyên viên tư vấn cntt
798,việclàm24h,Công Ty CP Nông Nghiệp Trường Hải,Chuyên viên- nhân viên,Không yêu cầu,1,gia lai,2024-12-07,10000000.0,20000000.0,15000000.0,công nghệ thông tin
800,việclàm24h,Chi nhánh 8 - Công Ty TNHH Truyền Hình Cáp Saigontourist,Chuyên viên- nhân viên,Không yêu cầu,0,tp.hcm,2024-12-07,7000000.0,10000000.0,8500000.0,chuyên viên hỗ trợ kỹ thuật
801,việclàm24h,Công Ty TNHH Cocreation Grass Corporation Việt Nam,Chuyên viên- nhân viên,Cử nhân,0,tây ninh,2024-12-07,9000000.0,12000000.0,10500000.0,chuyên viên hỗ trợ kỹ thuật
802,việclàm24h,Công Ty Cổ Phần Viễn Thông FPT,Chuyên viên- nhân viên,Không yêu cầu,2,tp.hcm,2024-12-06,50000000.0,80000000.0,65000000.0,kỹ sư học máy
804,việclàm24h,Công Ty Cổ Phần Az Technologies,Quản lý nhóm- giám sát,Cử nhân,1,tp.hcm,2024-12-06,10000000.0,20000000.0,15000000.0,công nghệ thông tin
805,việclàm24h,Công Ty Cổ Phần Az Technologies,Chuyên viên- nhân viên,Cử nhân,0,tp.hcm,2024-12-06,3000000.0,4000000.0,3500000.0,công nghệ thông tin
806,việclàm24h,Công Ty Tnhh Công Nghệ Và Dịch Vụ Gia Phát,Chuyên viên- nhân viên,Cử nhân,0,hà nội,2024-12-06,8000000.0,15000000.0,11500000.0,chuyên viên hỗ trợ kỹ thuật
807,việclàm24h,Công Ty TNHH Phát Triển Thương Mại Tnt,Chuyên viên- nhân viên,Không yêu cầu,0,hải phòng,2024-12-06,7000000.0,15000000.0,11000000.0,chuyên viên hỗ trợ kỹ thuật
808,việclàm24h,Công Ty Cổ Phần Viễn Thông FPT,Chuyên viên- nhân viên,Trung cấp,0,phú thọ,2024-12-06,9000000.0,13000000.0,11000000.0,chuyên viên hỗ trợ kỹ thuật
809,việclàm24h,Công Ty TNHH Cocreation Grass Corporation Việt Nam,Chuyên viên- nhân viên,Không yêu cầu,0,tây ninh,2024-12-06,9000000.0,12000000.0,10500000.0,công nghệ thông tin
811,việclàm24h,Công Ty Cổ Phần Ứng Dụng Công Nghệ Kỹ Thuật Số,Chuyên viên- nhân viên,Không yêu cầu,0,hà nội,2024-12-06,10000000.0,16000000.0,13000000.0,chuyên viên hỗ trợ kỹ thuật
812,việclàm24h,Khách Hàng Của Việc Làm 24H,Chuyên viên- nhân viên,Không yêu cầu,2,đồng nai,2024-12-05,10000000.0,12000000.0,11000000.0,kỹ sư hệ thống
813,việclàm24h,Công Ty Cổ Phần Mobifos,Chuyên viên- nhân viên,Không yêu cầu,0,hà nội,2024-12-05,10000000.0,13000000.0,11500000.0,nhà thiết kế
814,việclàm24h,Công Ty Cổ Phần Thiết Bị Và Khoa Học Kỹ Thuật Đại Nam,Quản lý cấp trung,Không yêu cầu,2,hà nội,2024-12-05,15000000.0,20000000.0,17500000.0,trưởng phòng kỹ thuật thiết kế vi điện tử
815,việclàm24h,Công Ty Cổ Phần Vinasimex,Chuyên viên- nhân viên,Không yêu cầu,0,hà nội,2024-12-05,10000000.0,20000000.0,15000000.0,nhà thiết kế
816,việclàm24h,Công Ty TNHH Công Nghệ Hogi Việt Nam,Chuyên viên- nhân viên,Không yêu cầu,0,hà nội,2024-12-05,10000000.0,15000000.0,12500000.0,kỹ sư phần mềm
818,việclàm24h,Công Ty Cổ Phần Sản Xuất Và Bảo Dưỡng Thiết Bị Hàng Không,Chuyên viên- nhân viên,Cử nhân,1,hà nội,2024-12-05,9000000.0,15000000.0,12000000.0,công nghệ thông tin
819,việclàm24h,Công Ty Cổ Phần Viễn Thông FPT,Chuyên viên- nhân viên,Cử nhân,0,tây ninh,2024-12-04,8000000.0,13000000.0,10500000.0,kỹ sư mạng
820,việclàm24h,Công Ty Cổ Phần Funtap,Cộng tác viên,Không yêu cầu,0,hà nội,2024-12-04,8000000.0,15000000.0,11500000.0,vận hành
821,việclàm24h,Công Ty Cổ Phần Funtap,Quản lý cấp trung,Không yêu cầu,2,hà nội,2024-12-04,30000000.0,40000000.0,35000000.0,relationship manager
824,việclàm24h,Công Ty TNHH Thương Mại Và Phát Triển Dịch Vụ Kỹ Thuật (Escom),Chuyên viên- nhân viên,Trung cấp,0,hà nội,2024-12-04,8000000.0,20000000.0,14000000.0,chuyên viên tư vấn cntt
825,việclàm24h,Công Ty Cổ Phần Viễn Thông FPT,Chuyên gia,Cử nhân,1,tp.hcm,2024-12-04,30000000.0,35000000.0,32500000.0,kỹ sư phần mềm
826,việclàm24h,Công Ty Cổ Phần Viễn Thông FPT,Chuyên gia,Cử nhân,1,tp.hcm,2024-12-04,30000000.0,35000000.0,32500000.0,kỹ sư phần mềm
828,việclàm24h,Công Ty Cổ Phần Trường Học Công Nghệ Mindx,Quản lý nhóm- giám sát,Không yêu cầu,0,hà nội,2024-12-04,18000000.0,25000000.0,21500000.0,r&d k12 coding & robotics team leader
829,việclàm24h,Công Ty Cổ Phần Thh Decor,Chuyên viên- nhân viên,Không yêu cầu,0,hưng yên,2024-12-04,10000000.0,15000000.0,12500000.0,chuyên viên hỗ trợ kỹ thuật
830,việclàm24h,Công Ty Cổ Phần Chứng Khoán Asean,Chuyên viên- nhân viên,Không yêu cầu,1,hà nội,2024-12-03,10000000.0,30000000.0,20000000.0,kỹ sư phần mềm
831,việclàm24h,Công Ty TNHH Công Nghệ Và Phần Mềm Trí Dũng,Chuyên viên- nhân viên,Cử nhân,0,hà nội,2024-12-03,8000000.0,15000000.0,11500000.0,chuyên viên hỗ trợ kỹ thuật
833,việclàm24h,Công Ty Cổ Phần Tập Đoàn Giải Pháp Sao Mai,Chuyên viên- nhân viên,Không yêu cầu,0,hà nội,2024-12-03,20000000.0,30000000.0,25000000.0,kỹ sư phần mềm
838,việclàm24h,Công Ty TNHH Suzuverse Việt Nam,Chuyên viên- nhân viên,Cử nhân,3,hà nội,2024-12-03,30000000.0,70000000.0,50000000.0,kỹ sư phần mềm
839,việclàm24h,Công Ty TNHH Công Nghệ Và Truyền Thông Vnditech,Chuyên viên- nhân viên,Không yêu cầu,0,hà nội,2024-12-03,15000000.0,25000000.0,20000000.0,kỹ sư phần mềm
842,việclàm24h,Văn Phòng Đại Diện Công Ty Cổ Phần Dịch Vụ Công Nghệ Tsc Việt Nam Tại Hưng Yên,Chuyên viên- nhân viên,Cử nhân,1,hà nội,2024-12-03,12000000.0,20000000.0,16000000.0,kỹ sư hệ thống
843,việclàm24h,Văn Phòng Đại Diện Công Ty Cổ Phần Dịch Vụ Công Nghệ Tsc Việt Nam Tại Bắc Giang,Chuyên viên- nhân viên,Không yêu cầu,1,vĩnh phúc,2024-12-03,10000000.0,20000000.0,15000000.0,kỹ sư hệ thống
844,việclàm24h,Công Ty TNHH Kimei Global,Chuyên viên- nhân viên,Không yêu cầu,1,tp.hcm,2024-12-03,30000000.0,50000000.0,40000000.0,kỹ sư phần mềm
845,việclàm24h,Công Ty TNHH MTV Dịch Vụ Số Chuyên Nghiệp,Chuyên viên- nhân viên,Cử nhân,1,hà nội,2024-12-03,7000000.0,15000000.0,11000000.0,công nghệ thông tin
847,việclàm24h,Chi Nhánh Công Ty TNHH Hoàng Kim Precision,Chuyên viên- nhân viên,Cử nhân,1,tp.hcm,2024-12-03,15000000.0,18000000.0,16500000.0,kỹ sư phần mềm
848,việclàm24h,Công Ty TNHH Công Nghệ Altek,Chuyên viên- nhân viên,Không yêu cầu,0,đồng tháp,2024-12-03,6000000.0,10000000.0,8000000.0,kỹ sư kiểm thử phần mềm
849,việclàm24h,Chi Nhánh Công Ty TNHH Hoàng Kim Precision,Chuyên viên- nhân viên,Cử nhân,1,tp.hcm,2024-12-03,15000000.0,18000000.0,16500000.0,kỹ sư phần mềm
851,việclàm24h,Công ty Cổ phần Dịch vụ Công nghệ TSC Việt Nam,Chuyên viên- nhân viên,Cử nhân,1,hà nội,2024-12-02,12000000.0,20000000.0,16000000.0,kỹ sư hệ thống
852,việclàm24h,Công ty Cổ phần Dịch vụ Công nghệ TSC Việt Nam,Chuyên viên- nhân viên,Cử nhân,0,hà nội,2024-12-02,12000000.0,25000000.0,18500000.0,kỹ sư hệ thống
855,việclàm24h,Công ty Cổ phần Dịch vụ Công nghệ TSC Việt Nam,Chuyên viên- nhân viên,Cử nhân,1,hà nội,2024-12-02,10000000.0,15000000.0,12500000.0,kỹ thuật triển khai
856,việclàm24h,Công Ty Cổ Phần Phát Triển Công Nghệ Ngày Đêm,Chuyên viên- nhân viên,Không yêu cầu,0,hà nội,2024-12-02,8000000.0,15000000.0,11500000.0,chuyên viên hỗ trợ kỹ thuật
857,việclàm24h,Văn Phòng Đại Diện Công Ty Cổ Phần Dịch Vụ Công Nghệ Tsc Việt Nam Tại Vĩnh Phúc,Chuyên viên- nhân viên,Cử nhân,1,hà nội,2024-12-02,10000000.0,25000000.0,17500000.0,kỹ sư phần mềm
858,việclàm24h,Công Ty TNHH Data Corp Việt Nam,Cộng tác viên,Trung học,0,hà nội,2024-12-02,7000000.0,10000000.0,8500000.0,kỹ sư dữ liệu
859,việclàm24h,Công Ty TNHH Andvina,Chuyên viên- nhân viên,Không yêu cầu,1,đà nẵng,2024-12-02,15000000.0,30000000.0,22500000.0,kỹ sư phần mềm
860,việclàm24h,Công Ty TNHH Một Thành Viên Wacontre,Chuyên viên- nhân viên,Cử nhân,1,tp.hcm,2024-12-02,20000000.0,40000000.0,30000000.0,kỹ sư phần mềm
861,việclàm24h,Công Ty Cổ Phần Cung Cứng Công Nghệ & Giải Pháp Bepos Việt Nam,Chuyên viên- nhân viên,Không yêu cầu,1,hà nội,2024-12-02,13000000.0,16000000.0,14500000.0,công nghệ thông tin
862,việclàm24h,Công Ty Cổ Phần Phần Mềm Nhúng Nata,Chuyên viên- nhân viên,Cử nhân,1,hà nội,2024-12-02,20000000.0,30000000.0,25000000.0,kỹ sư phần mềm
863,việclàm24h,Công Ty TNHH Develop.Software,Chuyên viên- nhân viên,Không yêu cầu,0,tp.hcm,2024-12-01,8000000.0,15000000.0,11500000.0,kỹ sư phần mềm
864,việclàm24h,Công Ty TNHH Cocreation Grass Corporation Việt Nam,Chuyên viên- nhân viên,Cử nhân,0,tây ninh,2024-11-29,9000000.0,12000000.0,10500000.0,chuyên viên hỗ trợ kỹ thuật
865,việclàm24h,Công Ty Cổ Phần Tập Đoàn HQ,Quản lý nhóm- giám sát,Không yêu cầu,2,hà nội,2024-11-29,20000000.0,25000000.0,22500000.0,kỹ sư phần mềm
866,việclàm24h,Công Ty TNHH Thương Mại Dịch Vụ Lâm Nguyễn Bc,Chuyên viên- nhân viên,Không yêu cầu,0,bình dương,2024-11-29,7000000.0,12000000.0,9500000.0,chuyên viên hỗ trợ kỹ thuật
867,việclàm24h,Hệ Thống Anh Ngữ Quốc Tế Ocean Edu - Công Ty Cổ Phần Giáo Dục Và Đào Tạo Thanh Hóa,Chuyên viên- nhân viên,Không yêu cầu,0,hà nội,2024-12-05,12000000.0,14000000.0,13000000.0,công nghệ thông tin
869,việclàm24h,Ngân Hàng TMCP Việt Nam Thương Tín,Chuyên viên- nhân viên,Cử nhân,0,vĩnh phúc,2024-12-02,8000000.0,12000000.0,10000000.0,công nghệ thông tin
870,việclàm24h,Công Ty Cổ Phần Thương Mại Dạ Hợp,Quản lý cấp trung,Không yêu cầu,2,hòa bình,2024-12-23,35000000.0,40000000.0,37500000.0,công nghệ thông tin
870,việclàm24h,Công Ty Cổ Phần Thương Mại Dạ Hợp,Quản lý cấp trung,Không yêu cầu,2,hà nội,2024-12-23,35000000.0,40000000.0,37500000.0,công nghệ thông tin
871,việclàm24h,Công Ty Cổ Phần Công Nghệ Và Giải Pháp Y Tế,Chuyên viên- nhân viên,Không yêu cầu,0,hà nội,2024-12-17,12000000.0,25000000.0,18500000.0,kỹ sư phần mềm
872,việclàm24h,Công Ty TNHH Tích Hợp Hệ Thống Nht,Chuyên viên- nhân viên,Cử nhân,0,đà nẵng,2024-12-14,8000000.0,12000000.0,10000000.0,công nghệ thông tin
873,việclàm24h,Công Ty TNHH Transcosmos Việt Nam,Chuyên gia,Cử nhân,1,tp.hcm,2024-12-13,18000000.0,25000000.0,21500000.0,công nghệ thông tin
874,việclàm24h,Công Ty TNHH Thương Mại & Sản Xuất Nệm Mousse Liên Á,Chuyên viên- nhân viên,Không yêu cầu,2,tp.hcm,2024-12-11,25000000.0,30000000.0,27500000.0,chuyên viên bảo mật thông tin
875,việclàm24h,Khách Hàng Của Việc Làm 24H,Chuyên viên- nhân viên,Không yêu cầu,1,đồng nai,2024-12-05,12000000.0,13000000.0,12500000.0,kỹ sư hệ thống
877,việclàm24h,Công Ty Cổ Phần Viễn Thông FPT,Chuyên viên- nhân viên,Trung cấp,0,tp.hcm,2024-12-09,10000000.0,20000000.0,15000000.0,chuyên viên hỗ trợ kỹ thuật
878,việclàm24h,Công Ty Cổ Phần Dịch Vụ Công Nghệ Tsc Việt Nam - Chi Nhánh Hải Dương,Chuyên viên- nhân viên,Cử nhân,1,hà nội,2024-12-03,10000000.0,25000000.0,17500000.0,kỹ sư phần mềm
879,việclàm24h,Công ty Cổ phần Dịch vụ Công nghệ TSC Việt Nam,Chuyên viên- nhân viên,Cử nhân,1,hà nội,2024-12-02,10000000.0,25000000.0,17500000.0,kỹ sư phần mềm
882,việclàm24h,Công Ty Cổ Phần Giải Pháp Công Nghệ Tag Việt Nam,Chuyên viên- nhân viên,Không yêu cầu,0,hà nội,2024-12-19,7000000.0,15000000.0,11000000.0,chuyên viên hỗ trợ kỹ thuật
883,việclàm24h,Công Ty TNHH Yopaz,Chuyên viên- nhân viên,Không yêu cầu,0,hà nội,2024-12-18,5000000.0,7000000.0,6000000.0,kỹ sư phần mềm
884,việclàm24h,Công Ty TNHH Phát Triển Công Nghệ Minh Hà,Chuyên viên- nhân viên,Trung học,0,tp.hcm,2024-12-18,7000000.0,12000000.0,9500000.0,chuyên viên hỗ trợ kỹ thuật
885,việclàm24h,Công Ty TNHH Phát Triển Công Nghệ Minh Hà,Chuyên viên- nhân viên,Trung học,0,tp.hcm,2024-12-12,7000000.0,12000000.0,9500000.0,chuyên viên hỗ trợ kỹ thuật
886,việclàm24h,Công Ty TNHH Dịch Vụ Và Công Nghệ Hoàng Hà,Chuyên viên- nhân viên,Cử nhân,1,hà nội,2024-12-11,10000000.0,15000000.0,12500000.0,chuyên viên hỗ trợ kỹ thuật
887,việclàm24h,Công Ty TNHH Bảo Dưỡng Công Nghệ Toàn Cầu VN,Chuyên viên- nhân viên,Cử nhân,0,tp.hcm,2024-12-10,15000000.0,18000000.0,16500000.0,công nghệ thông tin
