STT,Trang thu thập,Tên công ty,Vị trí ứng tuyển,Yêu cầu bằng cấp,Yêu cầu kinh nghiệm,Địa điểm,Ngày đăng tuyển,Lương tối thiểu,Lương tối đa,Lương TB,Tên công việc
253,CareerLink,Công Ty Cổ Phần Bán Lẻ Kỹ Thuật Số FPT,Nhân viên,Trung học,0,đăk nông,2024-11-30,6000000.0,10000000.0,8000000.0,chuyên viên hỗ trợ kỹ thuật
255,CareerLink,CareerLink's Client,Kỹ thuật viên / Kỹ sư,Cử nhân,2,hồ chí minh,2024-11-30,15000000.0,30000000.0,22500000.0,kỹ sư phần mềm
829,Việclàm24h,Công ty Cổ phần Dịch vụ Công nghệ TSC Việt Nam,Chuyên viên- nhân viên,Cử nhân,1,hà nội,2024-12-02,12000000.0,20000000.0,16000000.0,kỹ sư hệ thống
867,Việclàm24h,Trung tâm đào tạo thiết kế ColorME,Chuyên viên- nhân viên,Không yêu cầu,0,hà nội,2024-12-02,12000000.0,15000000.0,13500000.0,kỹ sư phần mềm
868,Việclàm24h,Công Ty Cổ Phần Phát Triển Công Nghệ Ngày Đêm,Chuyên viên- nhân viên,Không yêu cầu,0,hà nội,2024-12-02,8000000.0,15000000.0,11500000.0,chuyên viên hỗ trợ kỹ thuật
869,Việclàm24h,Văn Phòng Đại Diện Công Ty Cổ Phần Dịch Vụ Công Nghệ Tsc Việt Nam Tại Vĩnh Phúc,Chuyên viên- nhân viên,Cử nhân,1,hà nội,2024-12-02,10000000.0,25000000.0,17500000.0,kỹ sư phần mềm
842,Việclàm24h,Ngân Hàng TMCP Việt Nam Thương Tín,Chuyên viên- nhân viên,Cử nhân,0,vĩnh phúc,2024-12-02,8000000.0,12000000.0,10000000.0,công nghệ thông tin
837,Việclàm24h,Công Ty Cổ Phần Phần Mềm Nhúng Nata,Chuyên viên- nhân viên,Cử nhân,1,hà nội,2024-12-02,20000000.0,30000000.0,25000000.0,kỹ sư phần mềm
836,Việclàm24h,Công Ty Cổ Phần Cung Cứng Công Nghệ & Giải Pháp Bepos Việt Nam,Chuyên viên- nhân viên,Không yêu cầu,1,hà nội,2024-12-02,13000000.0,16000000.0,14500000.0,công nghệ thông tin
835,Việclàm24h,Công Ty TNHH Một Thành Viên Wacontre,Chuyên viên- nhân viên,Cử nhân,1,tp.hcm,2024-12-02,20000000.0,40000000.0,30000000.0,kỹ sư phần mềm
834,Việclàm24h,Công Ty TNHH Andvina,Chuyên viên- nhân viên,Không yêu cầu,1,đà nẵng,2024-12-02,15000000.0,30000000.0,22500000.0,kỹ sư phần mềm
833,Việclàm24h,Công ty Cổ phần Dịch vụ Công nghệ TSC Việt Nam,Chuyên viên- nhân viên,Cử nhân,1,hà nội,2024-12-02,10000000.0,15000000.0,12500000.0,kỹ thuật triển khai
830,Việclàm24h,Công ty Cổ phần Dịch vụ Công nghệ TSC Việt Nam,Chuyên viên- nhân viên,Cử nhân,0,hà nội,2024-12-02,12000000.0,25000000.0,18500000.0,kỹ sư hệ thống
851,Việclàm24h,Công ty Cổ phần Dịch vụ Công nghệ TSC Việt Nam,Chuyên viên- nhân viên,Cử nhân,1,hà nội,2024-12-02,10000000.0,25000000.0,17500000.0,kỹ sư phần mềm
601,Việclàm24h,Digiworld Corporation,Chuyên viên- nhân viên,Trung cấp,0,phú thọ,2024-12-03,9000000.0,10000000.0,9500000.0,chuyên viên hỗ trợ kỹ thuật
946,Vietnamwork,Ngân Hàng Thương Mại Cổ Phần Thịnh Vượng Và Phát Triển (PGBANK),Nhân viên,Không yêu cầu,0,hà nội,2024-12-03,12000000.0,37000000.0,24500000.0,chuyên viên cao cấp phát triển ứng dụng
948,Vietnamwork,Puwell Cloud Tech Limited,Thực tập sinh/Sinh viên,Không yêu cầu,0,hồ chí minh,2024-12-03,3000000.0,5000000.0,4000000.0,kỹ sư phần mềm
614,Việclàm24h,Công Ty TNHH Thương Mại Dược Phẩm Minh Tín,Chuyên viên- nhân viên,chứng chỉ,2,tp.hcm,2024-12-03,9000000.0,15000000.0,12000000.0,chuyên viên hỗ trợ kỹ thuật
866,Việclàm24h,Chi Nhánh Công Ty TNHH Hoàng Kim Precision,Chuyên viên- nhân viên,Cử nhân,1,tp.hcm,2024-12-03,15000000.0,18000000.0,16500000.0,kỹ sư phần mềm
850,Việclàm24h,Công Ty Cổ Phần Dịch Vụ Công Nghệ Tsc Việt Nam - Chi Nhánh Hải Dương,Chuyên viên- nhân viên,Cử nhân,1,hà nội,2024-12-03,10000000.0,25000000.0,17500000.0,kỹ sư phần mềm
827,Việclàm24h,Công Ty TNHH Công Nghệ Altek,Chuyên viên- nhân viên,Không yêu cầu,0,đồng tháp,2024-12-03,6000000.0,10000000.0,8000000.0,kỹ sư kiểm thử phần mềm
865,Việclàm24h,Công Ty TNHH MTV Dịch Vụ Số Chuyên Nghiệp,Chuyên viên- nhân viên,Cử nhân,1,hà nội,2024-12-03,7000000.0,15000000.0,11000000.0,công nghệ thông tin
826,Việclàm24h,Chi Nhánh Công Ty TNHH Hoàng Kim Precision,Chuyên viên- nhân viên,Cử nhân,1,tp.hcm,2024-12-03,15000000.0,18000000.0,16500000.0,kỹ sư phần mềm
821,Việclàm24h,Công Ty TNHH Công Nghệ Và Truyền Thông Vnditech,Chuyên viên- nhân viên,Không yêu cầu,0,hà nội,2024-12-03,15000000.0,25000000.0,20000000.0,kỹ sư phần mềm
816,Việclàm24h,Công Ty Cổ Phần Tập Đoàn Giải Pháp Sao Mai,Chuyên viên- nhân viên,Không yêu cầu,0,hà nội,2024-12-03,20000000.0,30000000.0,25000000.0,kỹ sư phần mềm
815,Việclàm24h,Công Ty TNHH Công Nghệ Và Phần Mềm Trí Dũng,Chuyên viên- nhân viên,Cử nhân,0,hà nội,2024-12-03,8000000.0,15000000.0,11500000.0,chuyên viên hỗ trợ kỹ thuật
814,Việclàm24h,Công Ty Cổ Phần Chứng Khoán Asean,Chuyên viên- nhân viên,Không yêu cầu,1,hà nội,2024-12-03,10000000.0,30000000.0,20000000.0,kỹ sư phần mềm
595,Việclàm24h,Công Ty TNHH Develop.Software,Chuyên viên- nhân viên,Không yêu cầu,0,tp.hcm,2024-12-03,8000000.0,15000000.0,11500000.0,kỹ sư phần mềm
823,Việclàm24h,Văn Phòng Đại Diện Công Ty Cổ Phần Dịch Vụ Công Nghệ Tsc Việt Nam Tại Bắc Giang,Chuyên viên- nhân viên,Không yêu cầu,1,vĩnh phúc,2024-12-03,10000000.0,20000000.0,15000000.0,kỹ sư hệ thống
864,Việclàm24h,Văn Phòng Đại Diện Công Ty Cổ Phần Dịch Vụ Công Nghệ Tsc Việt Nam Tại Hưng Yên,Chuyên viên- nhân viên,Cử nhân,1,hà nội,2024-12-03,12000000.0,20000000.0,16000000.0,kỹ sư hệ thống
623,Việclàm24h,Công Ty Cổ Phần Công Nghệ Oryza Systems,Chuyên viên- nhân viên,Không yêu cầu,0,bình dương,2024-12-04,8000000.0,15000000.0,11500000.0,chuyên viên hỗ trợ kỹ thuật
840,Việclàm24h,Công Ty Cổ Phần Funtap,Cộng tác viên,Không yêu cầu,0,hà nội,2024-12-04,8000000.0,15000000.0,11500000.0,vận hành
812,Việclàm24h,Công Ty Cổ Phần Trường Học Công Nghệ Mindx,Quản lý nhóm- giám sát,Không yêu cầu,0,hà nội,2024-12-04,18000000.0,25000000.0,21500000.0,r&d k12 coding & robotics team leader
805,Việclàm24h,Công Ty Cổ Phần Viễn Thông FPT,Chuyên viên- nhân viên,Cử nhân,0,tây ninh,2024-12-04,8000000.0,13000000.0,10500000.0,kỹ sư mạng
808,Việclàm24h,Công Ty TNHH Thương Mại Và Phát Triển Dịch Vụ Kỹ Thuật (Escom),Chuyên viên- nhân viên,Trung cấp,0,hà nội,2024-12-04,8000000.0,20000000.0,14000000.0,chuyên viên tư vấn cntt
809,Việclàm24h,Công Ty Cổ Phần Viễn Thông FPT,Chuyên gia,Cử nhân,1,tp.hcm,2024-12-04,30000000.0,35000000.0,32500000.0,kỹ sư phần mềm
813,Việclàm24h,Công Ty Cổ Phần Thh Decor,Chuyên viên- nhân viên,Không yêu cầu,0,hưng yên,2024-12-04,10000000.0,15000000.0,12500000.0,chuyên viên hỗ trợ kỹ thuật
810,Việclàm24h,Công Ty Cổ Phần Viễn Thông FPT,Chuyên gia,Cử nhân,1,tp.hcm,2024-12-04,30000000.0,35000000.0,32500000.0,kỹ sư phần mềm
798,Việclàm24h,Khách Hàng Của Việc Làm 24H,Chuyên viên- nhân viên,Không yêu cầu,2,đồng nai,2024-12-05,10000000.0,12000000.0,11000000.0,kỹ sư hệ thống
238,CareerLink,Công Ty Cổ Phần Bán Lẻ Kỹ Thuật Số FPT,Nhân viên,Trung học,0,hà nội,2024-12-05,8000000.0,15000000.0,11500000.0,chuyên viên hỗ trợ kỹ thuật
804,Việclàm24h,Công Ty Cổ Phần Sản Xuất Và Bảo Dưỡng Thiết Bị Hàng Không,Chuyên viên- nhân viên,Cử nhân,1,hà nội,2024-12-05,9000000.0,15000000.0,12000000.0,công nghệ thông tin
844,Việclàm24h,Khách Hàng Của Việc Làm 24H,Chuyên viên- nhân viên,Không yêu cầu,1,đồng nai,2024-12-05,12000000.0,13000000.0,12500000.0,kỹ sư hệ thống
492,CareerLink,Công Ty TNHH Tech-Link Silicones (VN),Nhân viên,Cử nhân,1,hồ chí minh,2024-12-05,10000000.0,12000000.0,11000000.0,nhân viên erp
800,Việclàm24h,Công Ty Cổ Phần Thiết Bị Và Khoa Học Kỹ Thuật Đại Nam,Quản lý cấp trung,Không yêu cầu,2,hà nội,2024-12-05,15000000.0,20000000.0,17500000.0,trưởng phòng kỹ thuật thiết kế vi điện tử
801,Việclàm24h,Công Ty Cổ Phần Vinasimex,Chuyên viên- nhân viên,Không yêu cầu,0,hà nội,2024-12-05,10000000.0,20000000.0,15000000.0,nhà thiết kế
486,CareerLink,Công Ty Cổ Phần Anvy,Nhân viên,Cử nhân,2,hưng yên,2024-12-05,12000000.0,18000000.0,15000000.0,chuyên viên hỗ trợ kỹ thuật
802,Việclàm24h,Công Ty TNHH Công Nghệ Hogi Việt Nam,Chuyên viên- nhân viên,Không yêu cầu,0,hà nội,2024-12-05,10000000.0,15000000.0,12500000.0,kỹ sư phần mềm
799,Việclàm24h,Công Ty Cổ Phần Mobifos,Chuyên viên- nhân viên,Không yêu cầu,0,hà nội,2024-12-05,10000000.0,13000000.0,11500000.0,nhà thiết kế
462,CareerLink,Công Ty TNHH Truyền thông Và Quảng Cáo Siêu Kinh Doanh,Nhân viên,Trung cấp,0,hồ chí minh,2024-12-05,7000000.0,15000000.0,11000000.0,chuyên viên tư vấn cntt
470,CareerLink,CÔNG TY CỔ PHẦN XÂY DỰNG VÀ ĐẦU TƯ THƯƠNG MẠI HOÀNG HÀ,Nhân viên,Trung học,0,bình dương,2024-12-05,6000000.0,8000000.0,7000000.0,chuyên viên hỗ trợ kỹ thuật
906,Vietnamwork,ITECHWX COMPANY LIMITED,Nhân viên,Không yêu cầu,0,hồ chí minh,2024-12-05,20000000.0,24000000.0,22000000.0,kỹ sư phần mềm
609,Việclàm24h,Công Ty TNHH Bảo Dưỡng Công Nghệ Toàn Cầu VN,Chuyên viên- nhân viên,Cử nhân,0,tp.hcm,2024-12-05,15000000.0,18000000.0,16500000.0,công nghệ thông tin
611,Việclàm24h,Công Ty Cổ Phần Viễn Thông Fpt,Chuyên viên- nhân viên,Không yêu cầu,0,tp.hcm,2024-12-05,8000000.0,15000000.0,11500000.0,kỹ thuật viên
611,Việclàm24h,Công Ty Cổ Phần Viễn Thông Fpt,Chuyên viên- nhân viên,Không yêu cầu,0,kiên giang,2024-12-05,8000000.0,15000000.0,11500000.0,kỹ thuật viên
611,Việclàm24h,Công Ty Cổ Phần Viễn Thông Fpt,Chuyên viên- nhân viên,Không yêu cầu,0,an giang,2024-12-05,8000000.0,15000000.0,11500000.0,kỹ thuật viên
229,CareerLink,Công Ty Cổ Phần Bán Lẻ Kỹ Thuật Số FPT,Nhân viên,Trung học,0,hồ chí minh,2024-12-06,7000000.0,10000000.0,8500000.0,chuyên viên hỗ trợ kỹ thuật
791,Việclàm24h,Công Ty Cổ Phần Az Technologies,Quản lý nhóm- giám sát,Cử nhân,1,tp.hcm,2024-12-06,10000000.0,20000000.0,15000000.0,công nghệ thông tin
792,Việclàm24h,Công Ty Cổ Phần Az Technologies,Chuyên viên- nhân viên,Cử nhân,0,tp.hcm,2024-12-06,3000000.0,4000000.0,3500000.0,công nghệ thông tin
793,Việclàm24h,Công Ty Tnhh Công Nghệ Và Dịch Vụ Gia Phát,Chuyên viên- nhân viên,Cử nhân,0,hà nội,2024-12-06,8000000.0,15000000.0,11500000.0,chuyên viên hỗ trợ kỹ thuật
794,Việclàm24h,Công Ty TNHH Phát Triển Thương Mại Tnt,Chuyên viên- nhân viên,Không yêu cầu,0,hải phòng,2024-12-06,7000000.0,15000000.0,11000000.0,chuyên viên hỗ trợ kỹ thuật
795,Việclàm24h,Công Ty Cổ Phần Viễn Thông FPT,Chuyên viên- nhân viên,Trung cấp,0,phú thọ,2024-12-06,9000000.0,13000000.0,11000000.0,chuyên viên hỗ trợ kỹ thuật
796,Việclàm24h,Công Ty TNHH Cocreation Grass Corporation Việt Nam,Chuyên viên- nhân viên,Không yêu cầu,0,tây ninh,2024-12-06,9000000.0,12000000.0,10500000.0,công nghệ thông tin
797,Việclàm24h,Công Ty Cổ Phần Ứng Dụng Công Nghệ Kỹ Thuật Số,Chuyên viên- nhân viên,Không yêu cầu,0,hà nội,2024-12-06,10000000.0,16000000.0,13000000.0,chuyên viên hỗ trợ kỹ thuật
458,CareerLink,BSS Group,Nhân viên,Cử nhân,0,hà nội,2024-12-06,7000000.0,14000000.0,10500000.0,fresher tester
862,Việclàm24h,Công Ty Cổ Phần Viễn Thông FPT,Chuyên viên- nhân viên,Cử nhân,0,tp.hcm,2024-12-06,10000000.0,20000000.0,15000000.0,chuyên viên hỗ trợ kỹ thuật
616,Việclàm24h,Công Ty Tnhh Một Thành Viên Kỹ Thuật Kinh Doanh Tư Duy Việt,Chuyên viên- nhân viên,Cử nhân,1,tp.hcm,2024-12-06,15000000.0,25000000.0,20000000.0,chuyên viên hỗ trợ kỹ thuật
849,Việclàm24h,Chi nhánh 8 - Công Ty TNHH Truyền Hình Cáp Saigontourist,Chuyên viên- nhân viên,Không yêu cầu,0,tp.hcm,2024-12-07,7000000.0,10000000.0,8500000.0,chuyên viên hỗ trợ kỹ thuật
788,Việclàm24h,Công Ty TNHH Cocreation Grass Corporation Việt Nam,Chuyên viên- nhân viên,Cử nhân,0,tây ninh,2024-12-07,9000000.0,12000000.0,10500000.0,chuyên viên hỗ trợ kỹ thuật
786,Việclàm24h,Công Ty CP Nông Nghiệp Trường Hải,Chuyên viên- nhân viên,Không yêu cầu,1,gia lai,2024-12-07,10000000.0,20000000.0,15000000.0,công nghệ thông tin
784,Việclàm24h,Công Ty Cổ Phần Viễn Thông FPT,Chuyên viên- nhân viên,Cử nhân,0,hải dương,2024-12-07,13000000.0,15000000.0,14000000.0,kỹ sư mạng
533,CareerLink,Công Ty TNHH Bảo Dưỡng Công Nghệ Toàn Cầu VN,Chuyên viên- nhân viên,Cử nhân,0,tp.hcm,2024-12-09,15000000.0,18000000.0,16500000.0,công nghệ thông tin
534,CareerLink,Công Ty Cổ Phần Viễn Thông Fpt,Chuyên viên- nhân viên,Không yêu cầu,0,tp.hcm,2024-12-09,8000000.0,15000000.0,11500000.0,kỹ thuật viên
534,CareerLink,Công Ty Cổ Phần Viễn Thông Fpt,Chuyên viên- nhân viên,Không yêu cầu,0,kiên giang,2024-12-09,8000000.0,15000000.0,11500000.0,kỹ thuật viên
534,CareerLink,Công Ty Cổ Phần Viễn Thông Fpt,Chuyên viên- nhân viên,Không yêu cầu,0,an giang,2024-12-09,8000000.0,15000000.0,11500000.0,kỹ thuật viên
536,CareerLink,Công ty TNHH Trường Quốc Tế Dạy Bằng Tiếng Anh,Chuyên viên- nhân viên,Không yêu cầu,1,tp.hcm,2024-12-09,10000000.0,15000000.0,12500000.0,chuyên viên hỗ trợ kỹ thuật
537,CareerLink,Công Ty TNHH Thương Mại Dược Phẩm Minh Tín,Chuyên viên- nhân viên,chứng chỉ,2,tp.hcm,2024-12-09,9000000.0,15000000.0,12000000.0,chuyên viên hỗ trợ kỹ thuật
538,CareerLink,Công Ty TNHH Công Nghệ Akas,Chuyên viên- nhân viên,Trung cấp,1,tp.hcm,2024-12-09,8000000.0,10000000.0,9000000.0,chuyên viên hỗ trợ kỹ thuật
539,CareerLink,Công Ty Tnhh Một Thành Viên Kỹ Thuật Kinh Doanh Tư Duy Việt,Chuyên viên- nhân viên,Cử nhân,1,tp.hcm,2024-12-09,15000000.0,25000000.0,20000000.0,chuyên viên hỗ trợ kỹ thuật
540,CareerLink,Công Ty Tnhh In Nhãn Bao Bì Sài Gòn Label,Chuyên viên- nhân viên,Không yêu cầu,2,tp.hcm,2024-12-09,28000000.0,30000000.0,29000000.0,kỹ sư hệ thống
541,CareerLink,Công Ty TNHH SX & TM Tân Quang Minh,Chuyên viên- nhân viên,Không yêu cầu,2,tp.hcm,2024-12-09,12000000.0,15000000.0,13500000.0,chuyên viên hỗ trợ kỹ thuật
546,CareerLink,Công Ty Cổ Phần Công Nghệ Oryza Systems,Chuyên viên- nhân viên,Không yêu cầu,0,bình dương,2024-12-09,8000000.0,15000000.0,11500000.0,chuyên viên hỗ trợ kỹ thuật
782,Việclàm24h,Công Ty TNHH Winstar Media,Chuyên viên- nhân viên,Cử nhân,0,nghệ an,2024-12-09,7000000.0,10000000.0,8500000.0,công nghệ thông tin
547,CareerLink,Công Ty TNHH DV& TM Giải Pháp Kỹ Thuật Công Nghiệp Việt Nam,Chuyên viên- nhân viên,Không yêu cầu,1,hà nội,2024-12-09,15000000.0,30000000.0,22500000.0,kỹ sư phần mềm
549,CareerLink,Công Ty Cổ Phần Công Nghệ Lami Việt Nam,Chuyên viên- nhân viên,Trung cấp,0,hà nội,2024-12-09,8000000.0,15000000.0,11500000.0,chuyên viên hỗ trợ kỹ thuật
774,Việclàm24h,Công Ty TNHH Thương Mại Và Dịch Vụ Công Nghệ Dns,Chuyên viên- nhân viên,Cử nhân,0,bắc ninh,2024-12-09,7000000.0,15000000.0,11000000.0,chuyên viên hỗ trợ kỹ thuật
916,Vietnamwork,Unilever Vietnam,Nhân viên,Không yêu cầu,0,hồ chí minh,2024-12-09,15000000.0,17000000.0,16000000.0,data controller & plant admin
618,Việclàm24h,Công Ty TNHH SX & TM Tân Quang Minh,Chuyên viên- nhân viên,Không yêu cầu,2,tp.hcm,2024-12-09,12000000.0,15000000.0,13500000.0,chuyên viên hỗ trợ kỹ thuật
531,CareerLink,Công Ty Cổ Phần Thương Mại Và Dịch Vụ Thành Phố Mới,Chuyên viên- nhân viên,Không yêu cầu,0,bình dương,2024-12-09,10000000.0,15000000.0,12500000.0,chuyên viên hỗ trợ kỹ thuật
861,Việclàm24h,"NETMARKS VIETNAM CO., LTD",Chuyên viên- nhân viên,Không yêu cầu,0,hà nội,2024-12-09,8000000.0,13000000.0,10500000.0,chuyên viên hỗ trợ kỹ thuật
897,Vietnamwork,Athena Studio,Nhân viên,Không yêu cầu,3,hồ chí minh,2024-12-09,20000000.0,30000000.0,25000000.0,nhà thiết kế
774,Việclàm24h,Công Ty TNHH Thương Mại Và Dịch Vụ Công Nghệ Dns,Chuyên viên- nhân viên,Cử nhân,0,hà nội,2024-12-09,7000000.0,15000000.0,11000000.0,chuyên viên hỗ trợ kỹ thuật
774,Việclàm24h,Công Ty TNHH Thương Mại Và Dịch Vụ Công Nghệ Dns,Chuyên viên- nhân viên,Cử nhân,0,tp.hcm,2024-12-09,7000000.0,15000000.0,11000000.0,chuyên viên hỗ trợ kỹ thuật
775,Việclàm24h,Công Ty Cổ Phần Viễn Thông FPT,Chuyên viên- nhân viên,Trung cấp,0,tp.hcm,2024-12-09,8000000.0,20000000.0,14000000.0,chuyên viên hỗ trợ kỹ thuật
776,Việclàm24h,Công Ty TNHH Cocreation Grass Corporation Việt Nam,Chuyên viên- nhân viên,Cử nhân,0,tây ninh,2024-12-09,9000000.0,12000000.0,10500000.0,chuyên viên hỗ trợ kỹ thuật
451,CareerLink,Công ty TNHH Avada Group (Mageplaza),Nhân viên,Cử nhân,1,hà nội,2024-12-09,10000000.0,20000000.0,15000000.0,nhà thiết kế
779,Việclàm24h,Công Ty Cổ Phần Dịch Vụ Và Công Nghệ Dina,Chuyên viên- nhân viên,Cử nhân,1,hà nội,2024-12-09,10000000.0,15000000.0,12500000.0,kỹ thuật triển khai
781,Việclàm24h,Công Ty TNHH Kỹ Thuật Và Công Nghệ Phương Vũ,Chuyên viên- nhân viên,Trung cấp,0,tp.hcm,2024-12-09,8000000.0,15000000.0,11500000.0,chuyên viên hỗ trợ kỹ thuật
213,CareerLink,CareerLink's Client,Nhân viên,Cử nhân,2,hồ chí minh,2024-12-09,12000000.0,28000000.0,20000000.0,nhà thiết kế
216,CareerLink,Tập Đoàn Vàng Bạc Đá Quý DOJI,Nhân viên,Cử nhân,2,hà nội,2024-12-09,25000000.0,35000000.0,30000000.0,chuyên viên bảo mật thông tin
222,CareerLink,Công Ty Cổ Phần Bán Lẻ Kỹ Thuật Số FPT,Nhân viên,Trung học,0,đắk lắk,2024-12-09,6000000.0,10000000.0,8000000.0,chuyên viên hỗ trợ kỹ thuật
771,Việclàm24h,Công Ty Luật TNHH Collectius Cms Lawfirm,Chuyên viên- nhân viên,Không yêu cầu,0,tp.hcm,2024-12-09,20000000.0,25000000.0,22500000.0,kỹ sư phần mềm
848,Việclàm24h,Công Ty Cổ Phần Viễn Thông FPT,Chuyên viên- nhân viên,Trung cấp,0,tp.hcm,2024-12-09,10000000.0,20000000.0,15000000.0,chuyên viên hỗ trợ kỹ thuật
891,Vietnamwork,Hanacans JSC,Nhân viên,Không yêu cầu,0,bắc ninh,2024-12-09,20000000.0,25000000.0,22500000.0,công nghệ thông tin
891,Vietnamwork,Hanacans JSC,Nhân viên,Không yêu cầu,0,hà nội,2024-12-09,20000000.0,25000000.0,22500000.0,công nghệ thông tin
520,CareerLink,Công Ty TNHH Hải Triều Việt Nam (Đồng Hồ Hải Triều),Chuyên viên- nhân viên,Cử nhân,2,tp.hcm,2024-12-10,10000000.0,15000000.0,12500000.0,công nghệ thông tin
766,Việclàm24h,Công Ty TNHH Thương Mại Và Dược Phẩm Hoàng Hà,Chuyên viên- nhân viên,Cử nhân,0,phú thọ,2024-12-10,8000000.0,12000000.0,10000000.0,kỹ sư hệ thống
519,CareerLink,Công Ty TNHH Develop.Software,Chuyên viên- nhân viên,Không yêu cầu,0,tp.hcm,2024-12-10,8000000.0,15000000.0,11500000.0,kỹ sư phần mềm
860,Việclàm24h,Công Ty TNHH Bảo Dưỡng Công Nghệ Toàn Cầu VN,Chuyên viên- nhân viên,Cử nhân,0,tp.hcm,2024-12-10,15000000.0,18000000.0,16500000.0,công nghệ thông tin
521,CareerLink,Công Ty TNHH Thương Mại Và Tư Vấn Phát Triển Công Nghệ Dna,Chuyên viên- nhân viên,Cử nhân,0,hà nội,2024-12-10,15000000.0,18000000.0,16500000.0,chuyên viên hỗ trợ kỹ thuật
768,Việclàm24h,Công Ty Cổ Phần Thương Mại Và Dịch Vụ Thành Phố Mới,Chuyên viên- nhân viên,Không yêu cầu,0,bình dương,2024-12-10,10000000.0,15000000.0,12500000.0,chuyên viên hỗ trợ kỹ thuật
448,CareerLink,CÔNG TY CỔ PHẦN CÔNG NGHỆ & SÁNG TẠO TRẺ TEKY HOLDINGS,Sinh viên / Thực tập sinh,Cử nhân,0,hải phòng,2024-12-10,3000000.0,7000000.0,5000000.0,công nghệ thông tin
908,Vietnamwork,Công ty Cổ phần Logistics Hàng không (ALS),Nhân viên,Không yêu cầu,0,hà nội,2024-12-10,12000000.0,16000000.0,14000000.0,chuyên viên hỗ trợ kỹ thuật
528,CareerLink,Công Ty TNHH Polytex Far Eastern (Việt Nam),Chuyên viên- nhân viên,Cử nhân,2,tp.hcm,2024-12-10,13000000.0,18000000.0,15500000.0,kỹ sư phần mềm
762,Việclàm24h,Công Ty Cổ Phần Viễn Thông FPT,Chuyên viên- nhân viên,Trung cấp,0,đà nẵng,2024-12-10,8000000.0,15000000.0,11500000.0,chuyên viên hỗ trợ kỹ thuật
767,Việclàm24h,Công Ty Cổ Phần Viễn Thông Act Miền Nam,Chuyên viên- nhân viên,Không yêu cầu,0,lâm đồng,2024-12-10,7000000.0,8000000.0,7500000.0,chuyên viên hỗ trợ kỹ thuật
761,Việclàm24h,Công Ty Cổ Phần Công Nghệ W.H.Y Soft,Quản lý nhóm- giám sát,Không yêu cầu,2,tp.hcm,2024-12-10,25000000.0,30000000.0,27500000.0,kỹ sư hệ thống
235,CareerLink,Công Ty Cổ Phần Bán Lẻ Kỹ Thuật Số FPT,Nhân viên,Trung học,0,hồ chí minh,2024-12-10,7000000.0,10000000.0,8500000.0,chuyên viên hỗ trợ kỹ thuật
613,Việclàm24h,Công ty TNHH Trường Quốc Tế Dạy Bằng Tiếng Anh,Chuyên viên- nhân viên,Không yêu cầu,1,tp.hcm,2024-12-10,10000000.0,15000000.0,12500000.0,chuyên viên hỗ trợ kỹ thuật
764,Việclàm24h,Chi Nhánh Công Ty Cổ Phần Vật Tư Công Nghiệp Bambo,Chuyên viên- nhân viên,Không yêu cầu,0,hà nội,2024-12-10,8000000.0,10000000.0,9000000.0,chuyên viên hỗ trợ kỹ thuật
202,CareerLink,Fois ICT PRO,Nhân viên,Trung cấp,2,hồ chí minh hà nội,2024-12-10,25000000.0,40000000.0,32500000.0,kỹ sư phần mềm
522,CareerLink,Công Ty TNHH Akc Vina,Chuyên viên- nhân viên,Cử nhân,0,bắc ninh,2024-12-10,16000000.0,26000000.0,21000000.0,kỹ sư phần mềm
760,Việclàm24h,Công Ty Cổ Phần Sách Mcbooks,Chuyên viên- nhân viên,Trung học,0,hà nội,2024-12-10,10000000.0,12000000.0,11000000.0,chuyên viên hỗ trợ kỹ thuật
763,Việclàm24h,Công Ty Luật TNHH Collectius Cms Lawfirm,Chuyên viên- nhân viên,Không yêu cầu,0,tp.hcm,2024-12-10,20000000.0,25000000.0,22500000.0,kỹ sư phần mềm
607,Việclàm24h,Công Ty Cổ Phần Thương Mại Và Dịch Vụ Thành Phố Mới,Chuyên viên- nhân viên,Không yêu cầu,0,bình dương,2024-12-10,10000000.0,15000000.0,12500000.0,chuyên viên hỗ trợ kỹ thuật
598,Việclàm24h,Công Ty TNHH Akc Vina,Chuyên viên- nhân viên,Cử nhân,0,bắc ninh,2024-12-10,16000000.0,26000000.0,21000000.0,kỹ sư phần mềm
525,CareerLink,Digiworld Corporation,Chuyên viên- nhân viên,Trung cấp,0,phú thọ,2024-12-10,9000000.0,10000000.0,9500000.0,chuyên viên hỗ trợ kỹ thuật
437,CareerLink,TRƯỜNG TIỂU HỌC TRUNG HỌC CƠ SỞ VÀ TRUNG HỌC PHỔ THÔNG HỒNG ĐỨC,Nhân viên,Cử nhân,1,hưng yên,2024-12-10,10000000.0,12000000.0,11000000.0,giảng viên
759,Việclàm24h,Công Ty TNHH Dịch Vụ Thương Mại Và Bất Động Sản Đăng Khoa,Chuyên viên- nhân viên,Trung cấp,0,hà nội,2024-12-10,8000000.0,12000000.0,10000000.0,chuyên viên hỗ trợ kỹ thuật
523,CareerLink,Liên Hiệp Hợp Tác Xã TM TP Hồ Chí Minh (Sài Gòn Co-op),Chuyên viên- nhân viên,Không yêu cầu,0,bình thuận,2024-12-10,7000000.0,9000000.0,8000000.0,công nghệ thông tin
233,CareerLink,FPT Telecom,Sinh viên / Thực tập sinh,Cử nhân,0,hồ chí minh,2024-12-10,10000000.0,12000000.0,11000000.0,kỹ sư kiểm thử phần mềm
757,Việclàm24h,Công Ty TNHH XD-TM&pt Công Nghệ Số Việt Nam,Chuyên viên- nhân viên,Không yêu cầu,1,thanh hóa,2024-12-10,7500000.0,9000000.0,8250000.0,chuyên viên hỗ trợ kỹ thuật
610,Việclàm24h,Công Ty TNHH Danu Vina,Chuyên viên- nhân viên,Không yêu cầu,0,tp.hcm,2024-12-11,7000000.0,12000000.0,9500000.0,chuyên viên hỗ trợ kỹ thuật
756,Việclàm24h,Công Ty Cổ Phần Viễn Thông FPT,Cộng tác viên,Không yêu cầu,0,vĩnh long,2024-12-11,500000.0,1000000.0,750000.0,công nghệ thông tin
753,Việclàm24h,Công Ty TNHH Phát Triển Công Nghệ Minh Hà,Chuyên viên- nhân viên,Trung học,0,tp.hcm,2024-12-11,7000000.0,12000000.0,9500000.0,chuyên viên hỗ trợ kỹ thuật
750,Việclàm24h,Công Ty TNHH Bảo Dưỡng Toàn Cầu,Chuyên viên- nhân viên,Không yêu cầu,0,hải phòng,2024-12-11,7500000.0,11000000.0,9250000.0,kỹ thuật viên bảo trì & sửa chữa máy atm
749,Việclàm24h,Công Ty Cổ Phần Viễn Thông FPT,Chuyên viên- nhân viên,Không yêu cầu,1,tp.hcm,2024-12-11,15000000.0,30000000.0,22500000.0,kỹ sư phần mềm
748,Việclàm24h,Công Ty Cổ Phần Tập Đoàn Đầu Tư Klb,Chuyên viên- nhân viên,Cử nhân,2,hà nội,2024-12-11,12000000.0,15000000.0,13500000.0,kỹ sư hệ thống
747,Việclàm24h,Công Ty TNHH Vicenter Việt Nam,Chuyên viên- nhân viên,Cử nhân,0,hà nội,2024-12-11,2000000.0,6000000.0,4000000.0,nhà thiết kế
510,CareerLink,Công Ty TNHH Bmo Int,Chuyên viên- nhân viên,Không yêu cầu,2,tp.hcm,2024-12-11,15000000.0,25000000.0,20000000.0,kỹ sư phần mềm
512,CareerLink,Công Ty Cổ Phần Giải Pháp Công Nghệ Thế Giới Số,Chuyên viên- nhân viên,Cử nhân,0,tp.hcm,2024-12-11,8000000.0,14000000.0,11000000.0,chuyên viên hỗ trợ kỹ thuật
515,CareerLink,Pathway School (Công Ty CP Giáo Dục Liên Minh Bách Khoa),Chuyên viên- nhân viên,Cử nhân,1,tp.hcm,2024-12-11,10000000.0,12000000.0,11000000.0,giảng viên
516,CareerLink,Công Ty Cổ Phần Cơ Điện Hợp Nhất,Chuyên viên- nhân viên,Cử nhân,0,tp.hcm,2024-12-11,9000000.0,12000000.0,10500000.0,kỹ sư phần mềm
517,CareerLink,Công Ty Cổ Phần Tập Đoàn Gia Định,Chuyên viên- nhân viên,Cử nhân,1,tp.hcm,2024-12-11,10000000.0,15000000.0,12500000.0,chuyên viên hỗ trợ kỹ thuật
596,Việclàm24h,Công Ty TNHH Hải Triều Việt Nam (Đồng Hồ Hải Triều),Chuyên viên- nhân viên,Cử nhân,2,tp.hcm,2024-12-11,10000000.0,15000000.0,12500000.0,công nghệ thông tin
597,Việclàm24h,Công Ty TNHH Thương Mại Và Tư Vấn Phát Triển Công Nghệ Dna,Chuyên viên- nhân viên,Cử nhân,0,hà nội,2024-12-11,15000000.0,18000000.0,16500000.0,chuyên viên hỗ trợ kỹ thuật
754,Việclàm24h,Công Ty TNHH Phát Triển Công Nghệ Minh Hà,Chuyên viên- nhân viên,Trung học,0,tp.hcm,2024-12-11,7000000.0,12000000.0,9500000.0,chuyên viên hỗ trợ kỹ thuật
434,CareerLink,CÔNG TY TNHH VAREAL VIỆT NAM,Nhân viên,Cử nhân,2,hà nội,2024-12-11,15000000.0,20000000.0,17500000.0,executive assistant
429,CareerLink,CÔNG TY CỔ PHẦN TRƯỜNG HỌC CÔNG NGHỆ MINDX,Trưởng nhóm / Giám sát,Cử nhân,2,hồ chí minh,2024-12-11,18000000.0,25000000.0,21500000.0,r&d k12 coding & robotics team leader
424,CareerLink,N-TEK DISTRIBUTION TECHNOLOGY COMPANY LIMITED,Kỹ thuật viên / Kỹ sư,Cử nhân,2,hà nội,2024-12-11,10000000.0,20000000.0,15000000.0,chuyên viên hỗ trợ kỹ thuật
843,Việclàm24h,Công Ty TNHH Thương Mại & Sản Xuất Nệm Mousse Liên Á,Chuyên viên- nhân viên,Không yêu cầu,2,tp.hcm,2024-12-11,25000000.0,30000000.0,27500000.0,chuyên viên bảo mật thông tin
958,Vietnamwork,Công ty Cổ phần Chứng khoán Bảo Việt,Nhân viên,Không yêu cầu,0,hà nội,2024-12-11,17000000.0,30000000.0,23500000.0,chuyên viên bảo mật thông tin
951,Vietnamwork,Stimulai,Thực tập sinh/Sinh viên,Không yêu cầu,0,hà nội,2024-12-11,20000000.0,37000000.0,28500000.0,kỹ sư phần mềm
201,CareerLink,Fois ICT PRO,Nhân viên,Trung học,1,hồ chí minh,2024-12-11,15000000.0,25000000.0,20000000.0,công nghệ thông tin
958,Vietnamwork,Công ty Cổ phần Chứng khoán Bảo Việt,Nhân viên,Không yêu cầu,0,hồ chí minh,2024-12-11,17000000.0,30000000.0,23500000.0,chuyên viên bảo mật thông tin
955,Vietnamwork,Công Ty Cổ Phần Phân Phối Quốc Tế,Nhân viên,Không yêu cầu,0,hồ chí minh,2024-12-11,3000000.0,12000000.0,7500000.0,nhân viên hạ tầng
412,CareerLink,Công Ty TNHH Luxstay Việt Nam,Nhân viên,Cử nhân,1,hà nội,2024-12-12,20000000.0,35000000.0,27500000.0,kỹ sư phần mềm
847,Việclàm24h,Công Ty TNHH Rochdale Spears,Chuyên viên- nhân viên,Không yêu cầu,1,bình dương,2024-12-12,10000000.0,50000000.0,30000000.0,chuyên viên bảo mật thông tin
406,CareerLink,Công Ty Cổ Phần Tập Đoàn Đầu Tư KLB,Kỹ thuật viên / Kỹ sư,Cử nhân,2,hà nội,2024-12-12,12000000.0,15000000.0,13500000.0,kỹ sư hệ thống
405,CareerLink,Công Ty TNHH Luxstay Việt Nam,Kỹ thuật viên / Kỹ sư,Cử nhân,2,hồ chí minh,2024-12-12,20000000.0,36000000.0,28000000.0,kỹ sư phần mềm
196,CareerLink,CareerLink's Client,Kỹ thuật viên / Kỹ sư,Cử nhân,2,hồ chí minh,2024-12-12,20000000.0,22000000.0,21000000.0,kỹ sư phần mềm
745,Việclàm24h,Công Ty Cổ Phần Công Nghệ Mobiwork Việt Nam,Chuyên viên- nhân viên,Không yêu cầu,0,hà nội,2024-12-12,8000000.0,20000000.0,14000000.0,kỹ sư phần mềm
411,CareerLink,CÔNG TY CỔ PHẦN XÂY DỰNG VÀ ĐẦU TƯ THƯƠNG MẠI HOÀNG HÀ,Nhân viên,Trung học,0,hồ chí minh,2024-12-12,6000000.0,8000000.0,7000000.0,chuyên viên hỗ trợ kỹ thuật
859,Việclàm24h,Công Ty TNHH Phát Triển Công Nghệ Minh Hà,Chuyên viên- nhân viên,Trung học,0,tp.hcm,2024-12-12,7000000.0,12000000.0,9500000.0,chuyên viên hỗ trợ kỹ thuật
743,Việclàm24h,Công ty Cổ Phần Đầu Tư Công Nghệ HACOM,Chuyên viên- nhân viên,Không yêu cầu,0,hà nội,2024-12-13,12000000.0,15000000.0,13500000.0,chuyên viên hỗ trợ kỹ thuật
175,CareerLink,Công Ty Cổ Phần Hanacans,Kỹ thuật viên / Kỹ sư,Cử nhân,2,bắc ninh,2024-12-13,12000000.0,20000000.0,16000000.0,công nghệ thông tin
181,CareerLink,CareerLink's Client,Nhân viên,Cử nhân,2,hải phòng,2024-12-13,15000000.0,20000000.0,17500000.0,kỹ sư phần mềm
731,Việclàm24h,Công Ty TNHH Công Nghệ Viet Star,Chuyên viên- nhân viên,Trung cấp,0,hà nội,2024-12-13,7000000.0,20000000.0,13500000.0,chuyên viên hỗ trợ kỹ thuật
733,Việclàm24h,Công Ty Cổ Phần A.R.T,Chuyên viên- nhân viên,Cử nhân,0,hà nội,2024-12-13,7000000.0,11000000.0,9000000.0,chuyên viên hỗ trợ kỹ thuật
734,Việclàm24h,Thanh Mai Digital,Chuyên viên- nhân viên,Không yêu cầu,0,tp.hcm,2024-12-13,7000000.0,20000000.0,13500000.0,kỹ thuật viên
735,Việclàm24h,Công Ty CP Chứng Khoán Fpt,Chuyên viên- nhân viên,Không yêu cầu,0,hà nội,2024-12-13,10000000.0,20000000.0,15000000.0,kỹ sư cơ sở dữ liệu
183,CareerLink,CareerLink's Client,Nhân viên,Cử nhân,1,hà nội,2024-12-13,12000000.0,25000000.0,18500000.0,kỹ sư hệ thống
732,Việclàm24h,Công Ty Cổ Phần Tập Đoàn Techhub,Cộng tác viên,Không yêu cầu,0,hà nội,2024-12-13,3000000.0,10000000.0,6500000.0,nhà thiết kế
742,Việclàm24h,Công Ty Cổ Phần Viễn Thông FPT,Chuyên viên- nhân viên,Không yêu cầu,0,hải dương,2024-12-13,9000000.0,12000000.0,10500000.0,chuyên viên hỗ trợ kỹ thuật
741,Việclàm24h,Văn Phòng Đại Diện Công Ty Cổ Phần Goku Việt Nam,Chuyên viên- nhân viên,Cử nhân,1,tp.hcm,2024-12-13,10000000.0,20000000.0,15000000.0,kỹ sư phần mềm
736,Việclàm24h,Công Ty CP Chứng Khoán Fpt,Chuyên viên- nhân viên,Không yêu cầu,2,hà nội,2024-12-13,10000000.0,20000000.0,15000000.0,kỹ sư phần mềm
740,Việclàm24h,Chi Nhánh Hải Dương - Công Ty Cổ Phần Viễn Thông Fpt,Chuyên viên- nhân viên,Không yêu cầu,0,hải dương,2024-12-13,9000000.0,12000000.0,10500000.0,chuyên viên hỗ trợ kỹ thuật
841,Việclàm24h,Công Ty TNHH Transcosmos Việt Nam,Chuyên gia,Cử nhân,1,tp.hcm,2024-12-13,18000000.0,25000000.0,21500000.0,kỹ sư phần mềm
737,Việclàm24h,Công Ty CP Chứng Khoán Fpt,Chuyên viên- nhân viên,Không yêu cầu,0,hà nội,2024-12-13,10000000.0,20000000.0,15000000.0,vận hành
450,CareerLink,Beetechsoft,Nhân viên,Cử nhân,2,đà nẵng,2024-12-13,10000000.0,40000000.0,25000000.0,kỹ sư phần mềm
739,Việclàm24h,Công Ty Cổ Phần Viễn Thông FPT,Chuyên viên- nhân viên,Không yêu cầu,0,hải dương,2024-12-13,10000000.0,15000000.0,12500000.0,chuyên viên hỗ trợ kỹ thuật
738,Việclàm24h,Chi Nhánh Hải Dương - Công Ty Cổ Phần Viễn Thông Fpt,Chuyên viên- nhân viên,Không yêu cầu,0,hải dương,2024-12-13,10000000.0,15000000.0,12500000.0,chuyên viên hỗ trợ kỹ thuật
617,Việclàm24h,Công Ty Tnhh In Nhãn Bao Bì Sài Gòn Label,Chuyên viên- nhân viên,Không yêu cầu,2,tp.hcm,2024-12-14,28000000.0,30000000.0,29000000.0,kỹ sư hệ thống
729,Việclàm24h,Công Ty TNHH Điện Tử Streamax (Việt Nam),Chuyên viên- nhân viên,Không yêu cầu,2,bắc ninh,2024-12-14,15000000.0,30000000.0,22500000.0,kỹ sư phần mềm
730,Việclàm24h,Công Ty TNHH Điện Tử Streamax (Việt Nam),Chuyên viên- nhân viên,Không yêu cầu,2,bắc ninh,2024-12-14,25000000.0,35000000.0,30000000.0,công nghệ thông tin
622,Việclàm24h,Công Ty Cổ Phần Viễn Thông FPT,Chuyên viên- nhân viên,Không yêu cầu,0,cà mau,2024-12-14,10000000.0,15000000.0,12500000.0,chuyên viên hỗ trợ kỹ thuật
727,Việclàm24h,Công Ty TNHH Tích Hợp Hệ Thống Nht,Chuyên viên- nhân viên,Cử nhân,0,kiên giang,2024-12-14,12000000.0,18000000.0,15000000.0,công nghệ thông tin
728,Việclàm24h,Công Ty TNHH Điện Tử Streamax (Việt Nam),Chuyên viên- nhân viên,Không yêu cầu,2,bắc ninh,2024-12-14,15000000.0,25000000.0,20000000.0,kỹ sư học máy
615,Việclàm24h,Công Ty TNHH Công Nghệ Akas,Chuyên viên- nhân viên,Trung cấp,1,tp.hcm,2024-12-14,8000000.0,10000000.0,9000000.0,chuyên viên hỗ trợ kỹ thuật
726,Việclàm24h,Công Ty TNHH Tin Học Viễn Thông Đăng Hậu,Chuyên viên- nhân viên,Không yêu cầu,0,khánh hòa,2024-12-15,5000000.0,10000000.0,7500000.0,chuyên viên hỗ trợ kỹ thuật
985,Careerviet,Công ty TNHH Sài Gòn Stec,Nhân viên,Không yêu cầu,1,bình dương,2024-12-15,15000000.0,23000000.0,19000000.0,kỹ sư phần mềm
260,CareerLink,CÔNG TY TNHH PHÁT TRIỂN HỆ THỐNG NICHIETSU,Nhân viên,Cử nhân,2,hồ chí minh,2024-12-15,20000000.0,27000000.0,23500000.0,kỹ sư phần mềm
407,CareerLink,Công Ty TNHH Luxstay Việt Nam,Kỹ thuật viên / Kỹ sư,Cử nhân,2,hà nội,2024-12-15,20000000.0,36000000.0,28000000.0,kỹ sư phần mềm
959,Careerviet,Công ty TNHH Sài Gòn Stec,Nhân viên,Không yêu cầu,1,bình dương,2024-12-15,15000000.0,23000000.0,19000000.0,kỹ sư phần mềm
717,Việclàm24h,Công Ty Cổ Phần Viễn Thông FPT,Chuyên viên- nhân viên,Trung cấp,0,tp.hcm,2024-12-16,10000000.0,20000000.0,15000000.0,chuyên viên hỗ trợ kỹ thuật
718,Việclàm24h,Công Ty TNHH Vietnam Concentrix Services,Chuyên viên- nhân viên,Cử nhân,2,tp.hcm,2024-12-16,15000000.0,20000000.0,17500000.0,kỹ sư phần mềm
980,Careerviet,Công ty TNHH Greystone Data Systems Việt Nam,Nhân viên,Không yêu cầu,0,hồ chí minh,2024-12-16,10000000.0,25000000.0,17500000.0,kỹ sư phần mềm
981,Careerviet,Bảo mật,Mới tốt nghiệp,Không yêu cầu,0,hà nội,2024-12-16,14000000.0,24000000.0,19000000.0,kỹ sư triển khai kỹ thuật
159,CareerLink,Công Ty Cổ Phần Bán Lẻ Kỹ Thuật Số FPT,Nhân viên,Trung học,0,lâm đồng,2024-12-16,6000000.0,10000000.0,8000000.0,chuyên viên hỗ trợ kỹ thuật
720,Việclàm24h,Công Ty Cổ Phần Viễn Thông FPT,Chuyên viên- nhân viên,Cử nhân,2,tp.hcm,2024-12-16,20000000.0,40000000.0,30000000.0,kỹ sư phần mềm
721,Việclàm24h,Công Ty Cổ Phần Giải Pháp Ngọn Sóng Mới,Chuyên viên- nhân viên,Không yêu cầu,0,hà nội,2024-12-16,13000000.0,20000000.0,16500000.0,kỹ sư học máy
722,Việclàm24h,Công Ty TNHH Cocreation Grass Corporation Việt Nam,Chuyên viên- nhân viên,Cử nhân,0,tây ninh,2024-12-16,9000000.0,12000000.0,10500000.0,công nghệ thông tin
723,Việclàm24h,Công Ty Cổ Phần Viễn Thông FPT,Chuyên viên- nhân viên,Trung cấp,0,tp.hcm,2024-12-16,10000000.0,15000000.0,12500000.0,kỹ thuật viên
724,Việclàm24h,Công Ty Cổ Phần Viễn Thông FPT,Chuyên viên- nhân viên,Trung cấp,0,tây ninh,2024-12-16,9000000.0,15000000.0,12000000.0,chuyên viên hỗ trợ kỹ thuật
719,Việclàm24h,Công Ty TNHH Thương Mại Dịch Vụ Và Công Nghệ Anninh365,Chuyên viên- nhân viên,Trung học,0,hà nội,2024-12-16,10000000.0,20000000.0,15000000.0,chuyên viên hỗ trợ kỹ thuật
395,CareerLink,Công Ty Cổ Phần Dịch Vụ Và Giải Pháp Xử Lý Dữ Liệu Vbee,Nhân viên,Cử nhân,2,hà nội,2024-12-16,20000000.0,25000000.0,22500000.0,kỹ sư phần mềm
439,CareerLink,TRƯỜNG TIỂU HỌC TRUNG HỌC CƠ SỞ VÀ TRUNG HỌC PHỔ THÔNG HỒNG ĐỨC,Nhân viên,Cử nhân,1,hưng yên,2024-12-16,10000000.0,12000000.0,11000000.0,giảng viên
416,CareerLink,CÔNG TY CỔ PHẦN SỞ GIAO DỊCH HÀNG HÓA VIỆT NAM TOÀN CẦU,Nhân viên,Cử nhân,2,hà nội,2024-12-16,22000000.0,32000000.0,27000000.0,kỹ sư phần mềm
709,Việclàm24h,Công Ty TNHH Công Nghệ Dana Smart,Chuyên viên- nhân viên,Không yêu cầu,0,đà nẵng,2024-12-17,7000000.0,10000000.0,8500000.0,chuyên viên hỗ trợ kỹ thuật
708,Việclàm24h,Haposoft,Chuyên viên- nhân viên,Không yêu cầu,0,hà nội,2024-12-17,10000000.0,20000000.0,15000000.0,kỹ sư kiểm thử phần mềm
706,Việclàm24h,Công Ty TNHH Phát Triển Công Nghệ Minh Hà,Chuyên viên- nhân viên,Trung học,0,tp.hcm,2024-12-17,7000000.0,12000000.0,9500000.0,chuyên viên hỗ trợ kỹ thuật
705,Việclàm24h,Công Ty Cổ Phần Viễn Thông FPT,Chuyên viên- nhân viên,Trung cấp,0,tp.hcm,2024-12-17,8000000.0,20000000.0,14000000.0,kỹ thuật viên
714,Việclàm24h,Công Ty TNHH Itpl Việt Nam,Chuyên viên- nhân viên,Cử nhân,1,đà nẵng,2024-12-17,12000000.0,24000000.0,18000000.0,kỹ sư phần mềm
376,CareerLink,CÔNG TY CỔ PHẦN ĐẦU TƯ PHÁT TRIỂN MÁY VIỆT NAM,Nhân viên,Cử nhân,2,hà nội,2024-12-17,25000000.0,38000000.0,31500000.0,kỹ sư phần mềm
710,Việclàm24h,Công Ty TNHH Máy Văn Phòng Hùng Minh,Chuyên viên- nhân viên,Trung cấp,0,hải phòng,2024-12-17,8000000.0,16000000.0,12000000.0,chuyên viên hỗ trợ kỹ thuật
715,Việclàm24h,Công Ty TNHH Electronic Tripod Việt Nam (Châu Đức),Quản lý nhóm- giám sát,Cử nhân,1,bà rịa - vũng tàu,2024-12-17,25000000.0,30000000.0,27500000.0,kỹ sư hệ thống
155,CareerLink,Công Ty Cổ Phần Bán Lẻ Kỹ Thuật Số FPT,Nhân viên,Trung học,0,gia lai,2024-12-17,6000000.0,10000000.0,8000000.0,chuyên viên hỗ trợ kỹ thuật
870,Việclàm24h,Công Ty Cổ Phần Linh Kiện Và Mực In Sài Gòn,Chuyên viên- nhân viên,Trung cấp,0,tp.hcm,2024-12-17,8000000.0,15000000.0,11500000.0,chuyên viên hỗ trợ kỹ thuật
588,Việclàm24h,Công Ty Cổ Phần Giải Pháp Công Nghệ Thế Giới Số,Chuyên viên- nhân viên,Cử nhân,0,tp.hcm,2024-12-17,8000000.0,14000000.0,11000000.0,chuyên viên hỗ trợ kỹ thuật
711,Việclàm24h,Công Ty TNHH Thiết Bị Minh Tâm,Chuyên viên- nhân viên,Không yêu cầu,1,hà nội,2024-12-17,15000000.0,18000000.0,16500000.0,kỹ sư kiểm thử phần mềm
699,Việclàm24h,Công Ty Tnhh Techcraft,Chuyên viên- nhân viên,Không yêu cầu,1,tp.hcm,2024-12-18,20000000.0,25000000.0,22500000.0,kỹ sư kiểm thử phần mềm
698,Việclàm24h,Công Ty TNHH Công Nghệ Và Thương Mại Lifesup,Chuyên viên- nhân viên,Không yêu cầu,0,hà nội,2024-12-18,3000000.0,5000000.0,4000000.0,quản lý dự án
497,CareerLink,CÔNG TY CỔ PHẦN ĐẦU TƯ LIÊN DOANH VIỆT ANH,Nhân viên,Cử nhân,2,hà nội,2024-12-18,15000000.0,20000000.0,17500000.0,kỹ sư phần mềm
846,Việclàm24h,Công Ty TNHH Stickley International,Chuyên viên- nhân viên,Không yêu cầu,2,bình dương,2024-12-18,20000000.0,30000000.0,25000000.0,kỹ sư phần mềm
146,CareerLink,Công Ty Cổ Phần Bán Lẻ Kỹ Thuật Số FPT,Nhân viên,Trung học,0,hà nội,2024-12-18,8000000.0,15000000.0,11500000.0,chuyên viên hỗ trợ kỹ thuật
702,Việclàm24h,Công Ty TNHH Gia Hòa,Chuyên viên- nhân viên,Cử nhân,2,bình thuận,2024-12-18,12000000.0,30000000.0,21000000.0,công nghệ thông tin
971,Careerviet,Vietnamese-German University (VGU),Nhân viên,Không yêu cầu,1,bình dương,2024-12-19,15000000.0,25000000.0,20000000.0,chuyên viên hỗ trợ kỹ thuật
1061,Careerviet,FE CREDIT,Nhân viên,Không yêu cầu,1,hồ chí minh,2024-12-19,17000000.0,37000000.0,27000000.0,công nghệ thông tin
392,CareerLink,CÔNG TY CỔ PHẦN CÔNG NGHỆ CYBER EYE,Nhân viên,Cử nhân,2,hà nội,2024-12-19,15000000.0,20000000.0,17500000.0,kỹ sư kiểm thử phần mềm
604,Việclàm24h,Công Ty TNHH Polytex Far Eastern (Việt Nam),Chuyên viên- nhân viên,Cử nhân,2,tp.hcm,2024-12-19,13000000.0,18000000.0,15500000.0,kỹ sư phần mềm
252,CareerLink,FPT Telecom,Sinh viên / Thực tập sinh,Cử nhân,0,hồ chí minh,2024-12-19,6000000.0,10000000.0,8000000.0,kỹ sư kiểm thử phần mềm
250,CareerLink,FPT Telecom,Sinh viên / Thực tập sinh,Cử nhân,0,hồ chí minh,2024-12-19,9000000.0,10000000.0,9500000.0,kỹ sư kiểm thử phần mềm
591,Việclàm24h,Pathway School (Công Ty CP Giáo Dục Liên Minh Bách Khoa),Chuyên viên- nhân viên,Cử nhân,1,tp.hcm,2024-12-19,10000000.0,12000000.0,11000000.0,giảng viên
689,Việclàm24h,Công Ty TNHH Thiết Bị Issac,Chuyên viên- nhân viên,Không yêu cầu,0,hà nội,2024-12-19,9000000.0,13000000.0,11000000.0,chuyên viên hỗ trợ kỹ thuật
688,Việclàm24h,Công Ty TNHH Thiết Bị Issac,Chuyên viên- nhân viên,Không yêu cầu,0,hà nội,2024-12-19,7000000.0,12000000.0,9500000.0,chuyên viên hỗ trợ kỹ thuật
691,Việclàm24h,Công Ty TNHH Thiết Bị Issac,Chuyên viên- nhân viên,Không yêu cầu,0,hà nội,2024-12-19,9000000.0,13000000.0,11000000.0,chuyên viên hỗ trợ kỹ thuật
161,CareerLink,Công Ty Cổ Phần Bán Lẻ Kỹ Thuật Số FPT,Nhân viên,Trung học,0,hậu giang,2024-12-19,7000000.0,12000000.0,9500000.0,chuyên viên hỗ trợ kỹ thuật
137,CareerLink,Công Ty Cổ Phần Bán Lẻ Kỹ Thuật Số FPT,Nhân viên,Trung học,0,bắc giang,2024-12-19,7000000.0,10000000.0,8500000.0,chuyên viên hỗ trợ kỹ thuật
693,Việclàm24h,Công Ty TNHH Cocreation Grass Corporation Việt Nam,Chuyên viên- nhân viên,Không yêu cầu,0,tây ninh,2024-12-19,9000000.0,12000000.0,10500000.0,công nghệ thông tin
579,Việclàm24h,Công Ty TNHH Vacif,Quản lý cấp trung,Cử nhân,1,tp.hcm,2024-12-19,15000000.0,25000000.0,20000000.0,technical manager
694,Việclàm24h,Công Ty Cổ Phần Công Nghệ Cao Ctech,Chuyên viên- nhân viên,Không yêu cầu,1,hà nội,2024-12-19,15000000.0,20000000.0,17500000.0,kỹ sư phần mềm
920,Vietnamwork,Athena Studio,Nhân viên,Không yêu cầu,0,hồ chí minh,2024-12-19,10000000.0,12000000.0,11000000.0,kỹ sư kiểm thử phần mềm
695,Việclàm24h,Công Ty TNHH Thương Mại Và Dịch Vụ Nina,Chuyên viên- nhân viên,Không yêu cầu,0,tp.hcm,2024-12-19,7000000.0,15000000.0,11000000.0,chuyên viên tư vấn cntt
970,Careerviet,CÔNG TY TNHH GUNZETAL (VIỆT NAM),Nhân viên,Không yêu cầu,1,bình dương,2024-12-19,15000000.0,20000000.0,17500000.0,kỹ sư phần mềm
690,Việclàm24h,Công Ty TNHH Thiết Bị Issac,Chuyên viên- nhân viên,Không yêu cầu,0,hà nội,2024-12-19,9000000.0,13000000.0,11000000.0,chuyên viên hỗ trợ kỹ thuật
1059,Careerviet,Teamwork Vietnam Ltd,Mới tốt nghiệp,Không yêu cầu,0,hồ chí minh,2024-12-19,11000000.0,16000000.0,13500000.0,chuyên viên tư vấn cntt
683,Việclàm24h,Công Ty CP Đầu Tư Royal Dragon,Chuyên viên- nhân viên,Không yêu cầu,0,tp.hcm,2024-12-20,7000000.0,10000000.0,8500000.0,chuyên viên hỗ trợ kỹ thuật
682,Việclàm24h,Công Ty TNHH Phát Triển Công Nghệ Minh Hà,Chuyên viên- nhân viên,Trung học,0,tp.hcm,2024-12-20,7000000.0,12000000.0,9500000.0,chuyên viên hỗ trợ kỹ thuật
681,Việclàm24h,Công Ty TNHH MTG Technology,Chuyên viên- nhân viên,Không yêu cầu,0,hà nội,2024-12-20,10000000.0,16000000.0,13000000.0,kỹ sư phần mềm
678,Việclàm24h,Công Ty Cổ Phần Viễn Thông FPT,Chuyên viên- nhân viên,Trung cấp,0,bắc ninh,2024-12-20,8000000.0,13000000.0,10500000.0,chuyên viên hỗ trợ kỹ thuật
570,CareerLink,Công Ty Cổ Phần Viễn Thông FPT,Chuyên viên- nhân viên,Không yêu cầu,0,tp.hcm,2024-12-20,8000000.0,13000000.0,10500000.0,chuyên viên hỗ trợ kỹ thuật
1029,Careerviet,Công ty TNHH Greystone Data Systems Việt Nam,Nhân viên,Không yêu cầu,1,hồ chí minh,2024-12-20,12000000.0,25000000.0,18500000.0,kỹ sư phần mềm
323,CareerLink,BSS Group,Nhân viên,Cử nhân,2,hà nội,2024-12-20,20000000.0,30000000.0,25000000.0,ceo assistant
257,CareerLink,CareerLink's Client,Nhân viên,Cử nhân,2,hồ chí minh,2024-12-20,13000000.0,15000000.0,14000000.0,kỹ sư phần mềm
198,CareerLink,CareerLink's Client,Nhân viên,Cử nhân,2,hồ chí minh,2024-12-20,18000000.0,30000000.0,24000000.0,kỹ sư phần mềm
129,CareerLink,Công Ty Cổ Phần Bán Lẻ Kỹ Thuật Số FPT,Nhân viên,Trung học,0,ninh thuận,2024-12-20,6000000.0,10000000.0,8000000.0,chuyên viên hỗ trợ kỹ thuật
115,CareerLink,CareerLink's Client,Nhân viên,Cử nhân,2,hồ chí minh,2024-12-20,10000000.0,15000000.0,12500000.0,kỹ sư phần mềm
922,Vietnamwork,"Toshiba Software Development (Vietnam) CO., LTD",Mới Tốt Nghiệp,Không yêu cầu,0,hà nội,2024-12-20,3300000.0,10000000.0,6650000.0,on job training for ai
962,Careerviet,Vietnamese-German University (VGU),Nhân viên,Không yêu cầu,2,bình dương,2024-12-20,20000000.0,30000000.0,25000000.0,kỹ sư hệ thống
963,Careerviet,Vietnamese-German University (VGU),Nhân viên,Không yêu cầu,2,bình dương,2024-12-20,20000000.0,30000000.0,25000000.0,kỹ sư phần mềm
561,CareerLink,Công Ty TNHH Công Nghệ & Đào Tạo Kai Group,Chuyên viên- nhân viên,Không yêu cầu,0,bắc giang,2024-12-20,7000000.0,15000000.0,11000000.0,công nghệ thông tin
1030,Careerviet,CÔNG TY CỔ PHẦN TẬP ĐOÀN IVI,Nhân viên,Không yêu cầu,1,hà nội,2024-12-20,15000000.0,20000000.0,17500000.0,kỹ sư hệ thống
564,CareerLink,Công Ty Tnhh Phát Triển Công Nghệ Điện Tử Bình Anh,Quản lý nhóm- giám sát,Không yêu cầu,0,quảng ninh,2024-12-20,7000000.0,12000000.0,9500000.0,chuyên viên hỗ trợ kỹ thuật
567,CareerLink,Công Ty Cổ Phần Công Nghệ Qi,Chuyên viên- nhân viên,Trung cấp,1,tp.hcm,2024-12-20,9000000.0,12000000.0,10500000.0,chuyên viên hỗ trợ kỹ thuật
569,CareerLink,Công Ty Cptm Sáng Tạo Công Nghệ Điện Tử Trung Bắc,Chuyên viên- nhân viên,Cử nhân,0,hà nội,2024-12-20,8000000.0,15000000.0,11500000.0,chuyên viên hỗ trợ kỹ thuật
674,Việclàm24h,Công Ty TNHH Phát Triển Công Nghệ Minh Hà,Chuyên viên- nhân viên,Trung học,0,tp.hcm,2024-12-20,7000000.0,12000000.0,9500000.0,công nghệ thông tin
571,CareerLink,Công Ty TNHH Kinh Doanh Siêu Việt,Chuyên viên- nhân viên,Cử nhân,0,đồng nai,2024-12-20,7000000.0,15000000.0,11000000.0,chuyên viên hỗ trợ kỹ thuật
563,CareerLink,Công Ty Tnhh Phát Triển Công Nghệ Điện Tử Bình Anh,Quản lý nhóm- giám sát,Không yêu cầu,0,hà nội,2024-12-20,7000000.0,12000000.0,9500000.0,chuyên viên hỗ trợ kỹ thuật
573,CareerLink,Công Ty Cổ Phần Cơ Điện Hợp Nhất,Chuyên viên- nhân viên,Không yêu cầu,0,tp.hcm,2024-12-20,9000000.0,12000000.0,10500000.0,kỹ sư phần mềm
1027,Careerviet,Vietnamese-German University (VGU),Nhân viên,Không yêu cầu,2,bình dương,2024-12-20,20000000.0,30000000.0,25000000.0,kỹ sư phần mềm
572,CareerLink,Công Ty TNHH Cocreation Grass Corporation Việt Nam,Chuyên viên- nhân viên,Cử nhân,0,tây ninh,2024-12-20,9000000.0,12000000.0,10500000.0,công nghệ thông tin
1023,Careerviet,PERSOLKELLY Vietnam,Nhân viên,Không yêu cầu,2,hồ chí minh,2024-12-20,20000000.0,30000000.0,25000000.0,công nghệ thông tin
1015,Careerviet,Công ty Cổ phần Kim Long Motor Huế,Nhân viên,Không yêu cầu,1,thừa thiên- huế,2024-12-20,10000000.0,30000000.0,20000000.0,chuyên viên hệ thống số hóa
1026,Careerviet,Vietnamese-German University (VGU),Nhân viên,Không yêu cầu,2,bình dương,2024-12-20,20000000.0,30000000.0,25000000.0,kỹ sư hệ thống
675,Việclàm24h,Chi Nhánh Công Ty TNHH Hoàng Kim Precision,Chuyên viên- nhân viên,Cử nhân,1,tp.hcm,2024-12-20,15000000.0,18000000.0,16500000.0,kỹ sư phần mềm
592,Việclàm24h,Công Ty Cổ Phần Cơ Điện Hợp Nhất,Chuyên viên- nhân viên,Cử nhân,0,tp.hcm,2024-12-20,9000000.0,12000000.0,10500000.0,kỹ sư phần mềm
574,CareerLink,Công Ty TNHH Cocreation Grass Corporation Việt Nam,Chuyên viên- nhân viên,Cử nhân,0,tây ninh,2024-12-20,9000000.0,12000000.0,10500000.0,công nghệ thông tin
1013,Careerviet,CÔNG TY TNHH TM DV XUẤT NHẬP KHẨU NAM THẮNG,Nhân viên,Không yêu cầu,0,hồ chí minh,2024-12-20,7000000.0,15000000.0,11000000.0,chuyên viên hỗ trợ kỹ thuật
669,Việclàm24h,Chi Nhánh 5 - Công Ty TNHH Truyền Hình Cáp Saigontourist,Chuyên viên- nhân viên,Trung cấp,0,tp.hcm,2024-12-21,7000000.0,10000000.0,8500000.0,kỹ thuật viên
668,Việclàm24h,Công Ty TNHH Tin Học Và Thương Mại Hùng Phát,Chuyên viên- nhân viên,chứng chỉ,0,hà nam,2024-12-21,7000000.0,10000000.0,8500000.0,công nghệ thông tin
227,CareerLink,CareerLink's Client,Nhân viên,Cử nhân,1,hồ chí minh,2024-12-21,10000000.0,17000000.0,13500000.0,kỹ sư phần mềm
194,CareerLink,CareerLink's Client,Nhân viên,Cử nhân,2,hồ chí minh,2024-12-21,22000000.0,40000000.0,31000000.0,kỹ sư phần mềm
560,CareerLink,Công Ty Cổ Phần Sản Xuất Thương Mại Và Dịch Vụ Thép Vts,Chuyên viên- nhân viên,Không yêu cầu,0,long an,2024-12-21,10000000.0,12000000.0,11000000.0,vận hành
559,CareerLink,Công Ty TNHH Xây Dựng Thương Mại Sản Xuất Trang Trí Nội Thất Gia Bảo,Chuyên viên- nhân viên,Không yêu cầu,1,tp.hcm,2024-12-21,7000000.0,15000000.0,11000000.0,nhân viên seo web
560,CareerLink,Công Ty Cổ Phần Sản Xuất Thương Mại Và Dịch Vụ Thép Vts,Chuyên viên- nhân viên,Không yêu cầu,0,tp.hcm,2024-12-21,10000000.0,12000000.0,11000000.0,vận hành
586,Việclàm24h,Công Ty TNHH Bmo Int,Chuyên viên- nhân viên,Không yêu cầu,2,tp.hcm,2024-12-22,15000000.0,25000000.0,20000000.0,kỹ sư phần mềm
189,CareerLink,Công Ty Cổ Phần Bán Lẻ Kỹ Thuật Số FPT,Nhân viên,Trung học,0,hà nội,2024-12-22,8000000.0,15000000.0,11500000.0,chuyên viên hỗ trợ kỹ thuật
1132,Careerviet,Công Ty Cổ Phần Dịch vụ Công nghệ Tin Học HPT,Nhân viên,Không yêu cầu,0,hà nội,2024-12-23,10000000.0,15000000.0,12500000.0,kỹ sư kiểm thử phần mềm
856,Việclàm24h,Công Ty Cổ Phần Dayone Asia,Chuyên viên- nhân viên,Không yêu cầu,2,tp.hcm,2024-12-23,15000000.0,20000000.0,17500000.0,nhà phân tích dữ liệu
1133,Careerviet,Công Ty Cổ Phần Dịch vụ Công nghệ Tin Học HPT,Nhân viên,Không yêu cầu,0,hà nội,2024-12-23,10000000.0,15000000.0,12500000.0,cộng tác viên triển khai phần mềm ứng dụng
1136,Careerviet,Công Ty Cổ Phần Đầu Tư K&G Việt Nam,Nhân viên,Không yêu cầu,2,hà nội,2024-12-23,12000000.0,20000000.0,16000000.0,kỹ sư phần mềm
1131,Careerviet,Công Ty Cổ Phần Dịch vụ Công nghệ Tin Học HPT,Nhân viên,Không yêu cầu,0,hà nội,2024-12-23,10000000.0,15000000.0,12500000.0,cộng tác viên phân tích nghiệp vụ phần mềm
1125,Careerviet,CÔNG TY CỔ PHẦN Z HOLDING,Nhân viên,Không yêu cầu,2,hà nội,2024-12-23,20000000.0,40000000.0,30000000.0,nhà phân tích dữ liệu
857,Việclàm24h,Công Ty TNHH Thương Mại Và Vận Tải Phương Anh,Chuyên viên- nhân viên,Không yêu cầu,0,hà nội,2024-12-23,8000000.0,10000000.0,9000000.0,công nghệ thông tin
1142,Careerviet,HR Vietnam’s ESS Client,Nhân viên,Không yêu cầu,3,hà nội,2024-12-23,25000000.0,30000000.0,27500000.0,kỹ sư phần mềm
666,Việclàm24h,Công Ty TNHH Bmo Int,Chuyên viên- nhân viên,Không yêu cầu,2,tp.hcm,2024-12-23,15000000.0,25000000.0,20000000.0,kỹ sư phần mềm
556,CareerLink,Công Ty TNHH Cocreation Grass Corporation Việt Nam,Chuyên viên- nhân viên,Cử nhân,0,tây ninh,2024-12-23,9000000.0,12000000.0,10500000.0,công nghệ thông tin
557,CareerLink,Công Ty Cổ Phần Đầu Tư Pitc,Chuyên viên- nhân viên,Không yêu cầu,0,đà nẵng,2024-12-23,8000000.0,15000000.0,11500000.0,chuyên viên hỗ trợ kỹ thuật
557,CareerLink,Công Ty Cổ Phần Đầu Tư Pitc,Chuyên viên- nhân viên,Không yêu cầu,0,thừa thiên huế,2024-12-23,8000000.0,15000000.0,11500000.0,chuyên viên hỗ trợ kỹ thuật
557,CareerLink,Công Ty Cổ Phần Đầu Tư Pitc,Chuyên viên- nhân viên,Không yêu cầu,0,tp.hcm,2024-12-23,8000000.0,15000000.0,11500000.0,chuyên viên hỗ trợ kỹ thuật
508,CareerLink,Công Ty Cổ Phần Viễn Thông Act,Chuyên viên- nhân viên,Không yêu cầu,0,tp.hcm,2024-12-23,8000000.0,17000000.0,12500000.0,chuyên viên hỗ trợ kỹ thuật
507,CareerLink,Công Ty Cổ Phần Med - Aid Công Minh,Chuyên viên- nhân viên,Không yêu cầu,2,hà nội,2024-12-23,10000000.0,15000000.0,12500000.0,kỹ sư phần mềm
506,CareerLink,Công Ty TNHH Kỹ Thuật Hiệp Nguyễn,Chuyên viên- nhân viên,Không yêu cầu,0,tp.hcm,2024-12-23,10000000.0,15000000.0,12500000.0,chuyên viên hỗ trợ kỹ thuật
506,CareerLink,Công Ty TNHH Kỹ Thuật Hiệp Nguyễn,Chuyên viên- nhân viên,Không yêu cầu,0,bình dương,2024-12-23,10000000.0,15000000.0,12500000.0,chuyên viên hỗ trợ kỹ thuật
505,CareerLink,Công Ty Cổ Phần FFC,Chuyên viên- nhân viên,Không yêu cầu,0,hà nội,2024-12-23,12000000.0,18000000.0,15000000.0,chuyên viên hỗ trợ kỹ thuật
504,CareerLink,Công Ty TNHH Develop.Software,Chuyên viên- nhân viên,Không yêu cầu,0,tp.hcm,2024-12-23,8000000.0,15000000.0,11500000.0,kỹ sư phần mềm
503,CareerLink,Công Ty TNHH Vacif,Quản lý cấp trung,Cử nhân,1,tp.hcm,2024-12-23,15000000.0,25000000.0,20000000.0,technical manager
1139,Careerviet,CÔNG TY CỔ PHẦN DƯỢC PHẨM FPT LONG CHÂU,Trưởng nhóm / Giám sát,Không yêu cầu,2,hồ chí minh,2024-12-23,20000000.0,35000000.0,27500000.0,kỹ sư phần mềm
501,CareerLink,Công Ty TNHH Leetray,Chuyên viên- nhân viên,Cử nhân,1,tp.hcm,2024-12-23,15000000.0,30000000.0,22500000.0,kỹ sư dữ liệu
555,CareerLink,Công Ty Cổ Phần Trang Trại Tomita Việt Nam,Chuyên viên- nhân viên,Không yêu cầu,0,hà nội,2024-12-23,8000000.0,10000000.0,9000000.0,chuyên viên hỗ trợ kỹ thuật
363,CareerLink,VIỆN THẨM MỸ MEDIC SKIN,Nhân viên,Cử nhân,0,hà nội,2024-12-23,14000000.0,18000000.0,16000000.0,nhà phân tích dữ liệu
378,CareerLink,Công Ty CP Thương mại và Chuyển Phát Nhanh Nội Bài,Nhân viên,Cử nhân,2,hồ chí minh,2024-12-23,25000000.0,35000000.0,30000000.0,kỹ sư phần mềm
554,CareerLink,Công Ty Cổ Phần Az Technologies,Chuyên viên- nhân viên,Cử nhân,0,tp.hcm,2024-12-23,3000000.0,4000000.0,3500000.0,công nghệ thông tin
667,Việclàm24h,Công Ty TNHH Bmo Int,Chuyên viên- nhân viên,Không yêu cầu,2,tp.hcm,2024-12-23,15000000.0,25000000.0,20000000.0,kỹ sư phần mềm
665,Việclàm24h,Công Ty TNHH Cocreation Grass Corporation Việt Nam,Chuyên viên- nhân viên,Không yêu cầu,0,tây ninh,2024-12-23,9000000.0,12000000.0,10500000.0,công nghệ thông tin
663,Việclàm24h,Công Ty TNHH Phát Triển Công Nghệ Minh Hà,Chuyên viên- nhân viên,Trung học,0,tp.hcm,2024-12-23,7000000.0,12000000.0,9500000.0,công nghệ thông tin
102,CareerLink,Công Ty Cổ Phần Bán Lẻ Kỹ Thuật Số FPT,Nhân viên,Trung học,0,hà nội,2024-12-23,7000000.0,10000000.0,8500000.0,chuyên viên hỗ trợ kỹ thuật
103,CareerLink,Công Ty Cổ Phần Bán Lẻ Kỹ Thuật Số FPT,Nhân viên,Trung học,0,kiên giang,2024-12-23,8000000.0,12000000.0,10000000.0,chuyên viên hỗ trợ kỹ thuật
111,CareerLink,Công Ty Cổ Phần Bán Lẻ Kỹ Thuật Số FPT,Nhân viên,Trung cấp,0,hà nội,2024-12-23,8000000.0,15000000.0,11500000.0,chuyên viên hỗ trợ kỹ thuật
88,CareerLink,Công Ty Cổ Phần Funtap,Nhân viên,Cử nhân,1,hà nội,2024-12-24,13000000.0,20000000.0,16500000.0,kỹ sư phần mềm
553,CareerLink,Công Ty Cổ Phần Đầu Tư Và Công Nghiệp Tân Tạo - Tập Đoàn Tân Tạo (Itaco),Chuyên viên- nhân viên,Không yêu cầu,1,long an,2024-12-24,12000000.0,16000000.0,14000000.0,nhân viên khảo thí
545,CareerLink,Công Ty Cổ Phần Viễn Thông FPT,Chuyên viên- nhân viên,Không yêu cầu,0,cà mau,2024-12-24,10000000.0,15000000.0,12500000.0,chuyên viên hỗ trợ kỹ thuật
107,CareerLink,Công Ty Cổ Phần Bán Lẻ Kỹ Thuật Số FPT,Nhân viên,Trung học,0,kiên giang,2024-12-24,8000000.0,12000000.0,10000000.0,chuyên viên hỗ trợ kỹ thuật
892,Vietnamwork,Công Ty Cổ Phần Nhà An Toàn,Nhân viên,Không yêu cầu,0,hà nội,2024-12-24,12000000.0,18000000.0,15000000.0,chuyên viên hỗ trợ kỹ thuật
135,CareerLink,Công Ty Cổ Phần Bán Lẻ Kỹ Thuật Số FPT,Nhân viên,Trung học,0,đồng tháp,2024-12-24,8000000.0,12000000.0,10000000.0,chuyên viên hỗ trợ kỹ thuật
150,CareerLink,CareerLink's Client,Nhân viên,Cử nhân,1,hà nội,2024-12-24,9000000.0,14000000.0,11500000.0,chuyên viên hỗ trợ kỹ thuật
315,CareerLink,Công Ty TNHH Luxstay Việt Nam,Kỹ thuật viên / Kỹ sư,Cử nhân,2,hà nội,2024-12-24,25000000.0,40000000.0,32500000.0,kỹ sư phần mềm
855,Việclàm24h,Công Ty TNHH TM Và DV Tin Học Anh Phương,Chuyên viên- nhân viên,Trung cấp,0,tp.hcm,2024-12-24,8000000.0,12000000.0,10000000.0,chuyên viên hỗ trợ kỹ thuật
236,CareerLink,Công Ty Cổ Phần Bán Lẻ Kỹ Thuật Số FPT,Nhân viên,Trung học,0,hà nội,2024-12-24,7000000.0,10000000.0,8500000.0,chuyên viên hỗ trợ kỹ thuật
499,CareerLink,BSS Group,Sinh viên / Thực tập sinh,Cử nhân,0,hà nội,2024-12-24,4000000.0,5000000.0,4500000.0,công nghệ thông tin
498,CareerLink,CÔNG TY TNHH PHÁT TRIỂN HỆ THỐNG NICHIETSU,Kỹ thuật viên / Kỹ sư,Cử nhân,2,hồ chí minh,2024-12-24,18000000.0,25000000.0,21500000.0,kỹ sư phần mềm
1118,Careerviet,CÔNG TY CỔ PHẦN HASAKI BEAUTY & CLINIC,Nhân viên,Không yêu cầu,1,hồ chí minh,2024-12-24,15000000.0,20000000.0,17500000.0,kỹ sư phần mềm
1107,Careerviet,CÔNG TY CỔ PHẦN CÔNG NGHỆ ISOFH,Nhân viên,Không yêu cầu,2,hà nội,2024-12-24,15000000.0,20000000.0,17500000.0,kỹ sư mạng
1097,Careerviet,Công ty Cổ phần Kim Long Motor Huế,Nhân viên,Không yêu cầu,1,thừa thiên- huế,2024-12-24,10000000.0,20000000.0,15000000.0,chuyên viên hệ thống số hóa
838,Việclàm24h,Công Ty Cổ Phần Thương Mại Công Nghệ Số Topsmart,Chuyên viên- nhân viên,Cử nhân,0,tp.hcm,2024-12-24,7000000.0,10000000.0,8500000.0,kỹ sư phần mềm
1096,Careerviet,CÔNG TY CP THƯƠNG MẠI - DỊCH VỤ SAO NAM AN,Nhân viên,Không yêu cầu,3,hồ chí minh,2024-12-24,15000000.0,20000000.0,17500000.0,công nghệ thông tin
1095,Careerviet,Công Ty Cổ Phần Tập Đoàn Đèo Cả,Nhân viên,Không yêu cầu,3,hồ chí minh,2024-12-24,10000000.0,15000000.0,12500000.0,kỹ sư hệ thống
1093,Careerviet,CÔNG TY TNHH Y TẾ H PLUS,Nhân viên,Không yêu cầu,0,hà nội,2024-12-24,10000000.0,15000000.0,12500000.0,chuyên viên hỗ trợ kỹ thuật
309,CareerLink,KHU DU LỊCH SINH THÁI TRÀNG AN,Nhân viên,Trung cấp,1,ninh bình,2024-12-24,8000000.0,20000000.0,14000000.0,chuyên viên hỗ trợ kỹ thuật
163,CareerLink,Công Ty Cổ Phần Bán Lẻ Kỹ Thuật Số FPT,Nhân viên,Trung học,0,hậu giang,2024-12-24,7000000.0,12000000.0,9500000.0,chuyên viên hỗ trợ kỹ thuật
1091,Careerviet,Công ty Cổ phần CANIFA,Nhân viên,Không yêu cầu,2,hà nội,2024-12-24,16000000.0,30000000.0,23000000.0,nhà phân tích dữ liệu
657,Việclàm24h,Công ty TNHH Mai Song Nguyễn,Chuyên viên- nhân viên,Không yêu cầu,0,tp.hcm,2024-12-24,7000000.0,18000000.0,12500000.0,chuyên viên hỗ trợ kỹ thuật
656,Việclàm24h,Công Ty TNHH Kỹ Thuật Công Nghệ Blue Dream,Chuyên viên- nhân viên,Không yêu cầu,1,tp.hcm,2024-12-24,15000000.0,40000000.0,27500000.0,kỹ sư phần mềm
582,Việclàm24h,Công Ty TNHH Kỹ Thuật Hiệp Nguyễn,Chuyên viên- nhân viên,Không yêu cầu,0,bình dương,2024-12-24,10000000.0,15000000.0,12500000.0,chuyên viên hỗ trợ kỹ thuật
582,Việclàm24h,Công Ty TNHH Kỹ Thuật Hiệp Nguyễn,Chuyên viên- nhân viên,Không yêu cầu,0,tp.hcm,2024-12-24,10000000.0,15000000.0,12500000.0,chuyên viên hỗ trợ kỹ thuật
583,Việclàm24h,Công Ty Cổ Phần Med - Aid Công Minh,Chuyên viên- nhân viên,Không yêu cầu,2,hà nội,2024-12-24,10000000.0,15000000.0,12500000.0,kỹ sư phần mềm
584,Việclàm24h,Công Ty Cổ Phần Viễn Thông Act,Chuyên viên- nhân viên,Không yêu cầu,0,tp.hcm,2024-12-24,8000000.0,17000000.0,12500000.0,chuyên viên hỗ trợ kỹ thuật
658,Việclàm24h,Công Ty TNHH MTV Hiền Phát Lợi,Chuyên viên- nhân viên,Không yêu cầu,0,bình dương,2024-12-24,6000000.0,10000000.0,8000000.0,chuyên viên hỗ trợ kỹ thuật
659,Việclàm24h,Công Ty Cổ Phần Phát Triển Phần Mềm Giải Pháp Phân Phối Dược Và Nhà Thuốc,Chuyên viên- nhân viên,Không yêu cầu,0,hà nội,2024-12-24,10000000.0,20000000.0,15000000.0,kỹ sư phần mềm
660,Việclàm24h,Công Ty TNHH MTV Xuất Nhập Khẩu 2-9 Đắk Lắk,Chuyên viên- nhân viên,Cử nhân,2,đắk lắk,2024-12-24,10000000.0,15000000.0,12500000.0,công nghệ thông tin
576,Việclàm24h,Công Ty TNHH Leetray,Chuyên viên- nhân viên,Cử nhân,1,tp.hcm,2024-12-24,15000000.0,30000000.0,22500000.0,kỹ sư dữ liệu
661,Việclàm24h,Công Ty TNHH Phát Triển Công Nghệ Minh Hà,Chuyên viên- nhân viên,Trung học,0,tp.hcm,2024-12-24,7000000.0,12000000.0,9500000.0,chuyên viên hỗ trợ kỹ thuật
1071,Careerviet,"CAPI CREATIVE Co., Ltd",Nhân viên,Không yêu cầu,1,hà nội,2024-12-25,10000000.0,15000000.0,12500000.0,nhà thiết kế
1073,Careerviet,TKG Taekwang Vina,Nhân viên,Không yêu cầu,1,cần thơ,2024-12-25,10000000.0,16000000.0,13000000.0,công nghệ thông tin
1070,Careerviet,"CAPI CREATIVE Co., Ltd",Nhân viên,Không yêu cầu,1,hà nội,2024-12-25,10000000.0,18000000.0,14000000.0,nhà thiết kế
290,CareerLink,Công Ty TNHH Phần mềm DTS Việt Nam,Nhân viên,Cử nhân,2,hà nội,2024-12-25,15000000.0,25000000.0,20000000.0,kỹ sư phần mềm
291,CareerLink,CÔNG TY CỔ PHẦN GIẢI PHÁP KINH DOANH NỀN TẢNG,Nhân viên,Cử nhân,1,hồ chí minh,2024-12-25,22000000.0,35000000.0,28500000.0,kỹ sư phần mềm
314,CareerLink,Công Ty TNHH Luxstay Việt Nam,Kỹ thuật viên / Kỹ sư,Cử nhân,3,hà nội,2024-12-25,28000000.0,40000000.0,34000000.0,kỹ sư phần mềm
317,CareerLink,CÔNG TY CỔ PHẦN XÂY DỰNG VÀ ĐẦU TƯ THƯƠNG MẠI HOÀNG HÀ,Nhân viên,chứng chỉ,0,lâm đồng,2024-12-25,2300000.0,3000000.0,2650000.0,chuyên viên hỗ trợ kỹ thuật
287,CareerLink,CÔNG TY CỔ PHẦN GIẢI PHÁP KINH DOANH NỀN TẢNG,Nhân viên,Cử nhân,1,hồ chí minh,2024-12-25,17000000.0,25000000.0,21000000.0,kỹ sư phần mềm
242,CareerLink,IDEA TECHNOLOGY SOLUTIONS,Nhân viên,Cử nhân,2,hồ chí minh,2024-12-25,10000000.0,13000000.0,11500000.0,kỹ sư thiết kế
552,CareerLink,Công Ty Cổ Phần Đầu Tư Và Công Nghiệp Tân Tạo - Tập Đoàn Tân Tạo (Itaco),Chuyên viên- nhân viên,Không yêu cầu,1,long an,2024-12-25,12000000.0,15000000.0,13500000.0,nhân viên bảo đảm chất lượng
650,Việclàm24h,Công Ty Cổ Phần Cơ Điện Hợp Nhất,Chuyên viên- nhân viên,Không yêu cầu,0,tp.hcm,2024-12-25,9000000.0,12000000.0,10500000.0,kỹ sư phần mềm
651,Việclàm24h,Công Ty TNHH Cocreation Grass Corporation Việt Nam,Chuyên viên- nhân viên,Cử nhân,0,tây ninh,2024-12-25,9000000.0,12000000.0,10500000.0,công nghệ thông tin
1081,Careerviet,Tổng Công ty Cổ phần Bảo hiểm Ngân hàng Đầu tư và Phát triển Việt Nam (BIC),Nhân viên,Không yêu cầu,2,hà nội,2024-12-25,15000000.0,30000000.0,22500000.0,công nghệ thông tin
1036,Careerviet,LOTTE FINANCE VIETNAM,Nhân viên,Không yêu cầu,1,hà nội,2024-12-25,15000000.0,25000000.0,20000000.0,công nghệ thông tin
75,CareerLink,Công Ty Cổ Phần Bán Lẻ Kỹ Thuật Số FPT,Nhân viên,Trung học,0,kiên giang,2024-12-25,8000000.0,12000000.0,10000000.0,chuyên viên hỗ trợ kỹ thuật
74,CareerLink,Công Ty Cổ Phần Bán Lẻ Kỹ Thuật Số FPT,Nhân viên,Trung học,0,hà nội,2024-12-25,8000000.0,15000000.0,11500000.0,chuyên viên hỗ trợ kỹ thuật
72,CareerLink,Công Ty Cổ Phần Bán Lẻ Kỹ Thuật Số FPT,Nhân viên,Trung học,0,quảng ngãi,2024-12-25,5000000.0,9000000.0,7000000.0,chuyên viên hỗ trợ kỹ thuật
70,CareerLink,Công Ty Cổ Phần Bán Lẻ Kỹ Thuật Số FPT,Mới đi làm,Trung cấp,0,hưng yên,2024-12-25,7000000.0,10000000.0,8500000.0,chuyên viên hỗ trợ kỹ thuật
62,CareerLink,CÔNG TY CỔ PHẦN CTS,Nhân viên,Trung cấp,1,hồ chí minh,2024-12-25,9000000.0,15000000.0,12000000.0,nhà thiết kế
61,CareerLink,Công Ty TNHH Khóa Huy Hoàng,Nhân viên,Cử nhân,1,hà nội,2024-12-25,15000000.0,18000000.0,16500000.0,kỹ sư hệ thống
1069,Careerviet,CÔNG TY CỔ PHẦN CÔNG NGHỆ AMZ,Nhân viên,Không yêu cầu,3,hà nội,2024-12-25,8000000.0,15000000.0,11500000.0,kỹ sư phần mềm
1082,Careerviet,BellSystem24-Việt Nam,Nhân viên,Không yêu cầu,0,hồ chí minh,2024-12-25,8000000.0,15000000.0,11500000.0,chuyên viên tư vấn cntt
1072,Careerviet,CÔNG TY CP CÔNG NGHỆ QI,Nhân viên,Không yêu cầu,2,hồ chí minh,2024-12-25,12000000.0,17000000.0,14500000.0,kỹ sư phần mềm
581,Việclàm24h,Công Ty Cổ Phần FFC,Chuyên viên- nhân viên,Không yêu cầu,0,hà nội,2024-12-25,12000000.0,18000000.0,15000000.0,chuyên viên hỗ trợ kỹ thuật
599,Việclàm24h,Liên Hiệp Hợp Tác Xã TM TP Hồ Chí Minh (Sài Gòn Co-op),Chuyên viên- nhân viên,Không yêu cầu,0,bình thuận,2024-12-25,7000000.0,9000000.0,8000000.0,công nghệ thông tin
474,CareerLink,TRƯỜNG TIỂU HỌC TRUNG HỌC CƠ SỞ VÀ TRUNG HỌC PHỔ THÔNG HỒNG ĐỨC,Nhân viên,Cử nhân,1,hưng yên,2024-12-25,10000000.0,12000000.0,11000000.0,giảng viên
388,CareerLink,CÔNG TY CỔ PHẦN CÔNG NGHỆ & SÁNG TẠO TRẺ TEKY HOLDINGS,Nhân viên,Cử nhân,0,hải phòng,2024-12-25,8000000.0,12000000.0,10000000.0,kỹ sư phần mềm
351,CareerLink,Công Ty TNHH Luxstay Việt Nam,Nhân viên,Cử nhân,0,hà nội,2024-12-25,12000000.0,26000000.0,19000000.0,kỹ sư phần mềm
340,CareerLink,CÔNG TY CỔ PHẦN CÔNG NGHỆ & SÁNG TẠO TRẺ TEKY HOLDINGS,Sinh viên / Thực tập sinh,Cử nhân,0,hà nội,2024-12-26,2000000.0,5000000.0,3500000.0,kỹ sư phần mềm
249,CareerLink,FPT Telecom,Sinh viên / Thực tập sinh,Cử nhân,0,hồ chí minh,2024-12-26,9000000.0,10000000.0,9500000.0,kỹ sư hệ thống
410,CareerLink,Công Ty TNHH Luxstay Việt Nam,Nhân viên,Cử nhân,2,hà nội,2024-12-26,18000000.0,35000000.0,26500000.0,performance tester
246,CareerLink,Công Ty Cổ Phần Bán Lẻ Kỹ Thuật Số FPT,Nhân viên,Trung học,0,kiên giang,2024-12-26,8000000.0,12000000.0,10000000.0,chuyên viên hỗ trợ kỹ thuật
647,Việclàm24h,Công Ty Cổ Phần Viễn Thông FPT,Chuyên viên- nhân viên,Không yêu cầu,0,tp.hcm,2024-12-26,8000000.0,13000000.0,10500000.0,chuyên viên hỗ trợ kỹ thuật
1064,Careerviet,Công ty Cổ phần Bảo Tín Mạnh Hải,Nhân viên,Không yêu cầu,3,hà nội,2024-12-26,14000000.0,18000000.0,16000000.0,nhà phân tích dữ liệu
648,Việclàm24h,Công Ty TNHH Kinh Doanh Siêu Việt,Chuyên viên- nhân viên,Cử nhân,0,đồng nai,2024-12-26,7000000.0,15000000.0,11000000.0,chuyên viên hỗ trợ kỹ thuật
192,CareerLink,CareerLink's Client,Nhân viên,Cử nhân,2,hồ chí minh,2024-12-26,18000000.0,30000000.0,24000000.0,kỹ sư phần mềm
649,Việclàm24h,Công Ty TNHH Cocreation Grass Corporation Việt Nam,Chuyên viên- nhân viên,Cử nhân,0,tây ninh,2024-12-26,9000000.0,12000000.0,10500000.0,công nghệ thông tin
1049,Careerviet,CÔNG TY TNHH ĐẦU TƯ VÀ TƯ VẤN EUREKA,Nhân viên,Không yêu cầu,0,hà nội,2024-12-26,10000000.0,25000000.0,17500000.0,nhân viên tester
646,Việclàm24h,Công Ty Cptm Sáng Tạo Công Nghệ Điện Tử Trung Bắc,Chuyên viên- nhân viên,Cử nhân,0,hà nội,2024-12-26,8000000.0,15000000.0,11500000.0,chuyên viên hỗ trợ kỹ thuật
117,CareerLink,FPT Telecom,Sinh viên / Thực tập sinh,Cử nhân,1,hồ chí minh,2024-12-26,7000000.0,10000000.0,8500000.0,nhà phân tích dữ liệu
903,Vietnamwork,SAPP Academy,Nhân viên,Không yêu cầu,1,hà nội,2024-12-26,13000000.0,25000000.0,19000000.0,kỹ sư phần mềm
109,CareerLink,Công Ty Cổ Phần Bán Lẻ Kỹ Thuật Số FPT,Nhân viên,Trung học,0,kiên giang,2024-12-26,8000000.0,12000000.0,10000000.0,chuyên viên hỗ trợ kỹ thuật
105,CareerLink,Công Ty Cổ Phần Bán Lẻ Kỹ Thuật Số FPT,Nhân viên,Trung cấp,0,quảng bình,2024-12-26,8000000.0,15000000.0,11500000.0,kỹ thuật viên
489,CareerLink,Công ty TNHH Lisod Việt Nam,Nhân viên,Cử nhân,2,hà nội,2024-12-26,20000000.0,40000000.0,30000000.0,kỹ sư phần mềm
1032,Careerviet,DHG,Nhân viên,Không yêu cầu,1,hà nội,2024-12-26,12000000.0,15000000.0,13500000.0,chuyên viên hỗ trợ kỹ thuật
593,Việclàm24h,Công Ty Cổ Phần Tập Đoàn Gia Định,Chuyên viên- nhân viên,Cử nhân,1,tp.hcm,2024-12-26,10000000.0,15000000.0,12500000.0,chuyên viên hỗ trợ kỹ thuật
57,CareerLink,PILGRIMAGE VILLAGE HUẾ BOUTIQUE RESORT & SPA,Trưởng nhóm / Giám sát,Cử nhân,2,thừa thiên - huế,2024-12-26,10000000.0,15000000.0,12500000.0,công nghệ thông tin
140,CareerLink,Công Ty Bánh Đồng Tiến Đà Nẵng,Nhân viên,Cử nhân,2,đà nẵng,2024-12-26,10000000.0,12000000.0,11000000.0,kỹ sư phần mềm
408,CareerLink,CÔNG TY TNHH KANACARE VIỆT NAM,Mới đi làm,Cử nhân,0,hồ chí minh,2024-12-26,3000000.0,5000000.0,4000000.0,công nghệ thông tin
49,CareerLink,CÔNG TY CỔ PHẦN SUN.STUDIO,Nhân viên,Cử nhân,2,hồ chí minh,2024-12-26,14000000.0,25000000.0,19500000.0,nhà thiết kế
298,CareerLink,Công Ty TNHH Phần mềm DTS Việt Nam,Nhân viên,Cử nhân,1,hà nội,2024-12-26,12000000.0,25000000.0,18500000.0,kỹ sư phần mềm
278,CareerLink,Công ty TNHH Avada Group (Mageplaza),Nhân viên,Cử nhân,1,hà nội,2024-12-26,9000000.0,12000000.0,10500000.0,junior tester
55,CareerLink,PILGRIMAGE VILLAGE HUẾ BOUTIQUE RESORT & SPA,Trưởng nhóm / Giám sát,Cử nhân,2,thừa thiên - huế,2024-12-26,10000000.0,15000000.0,12500000.0,công nghệ thông tin
280,CareerLink,Công Ty Cổ Phần Sáng Tạo Trẻ Việt Nam Miichisoft,Mới đi làm,Cử nhân,0,hà nội,2024-12-26,8000000.0,15000000.0,11500000.0,kỹ sư phần mềm
640,Việclàm24h,Công Ty Tnhh Phát Triển Công Nghệ Điện Tử Bình Anh,Quản lý nhóm- giám sát,Không yêu cầu,0,hà nội,2024-12-26,7000000.0,12000000.0,9500000.0,chuyên viên hỗ trợ kỹ thuật
644,Việclàm24h,Công Ty Cổ Phần Công Nghệ Qi,Chuyên viên- nhân viên,Trung cấp,1,tp.hcm,2024-12-26,9000000.0,12000000.0,10500000.0,chuyên viên hỗ trợ kỹ thuật
274,CareerLink,CÔNG TY CỔ PHẦN GIẢI PHÁP KINH DOANH NỀN TẢNG,Nhân viên,Cử nhân,2,hồ chí minh,2024-12-26,17000000.0,30000000.0,23500000.0,kỹ sư phần mềm
641,Việclàm24h,Công Ty Tnhh Phát Triển Công Nghệ Điện Tử Bình Anh,Quản lý nhóm- giám sát,Không yêu cầu,0,quảng ninh,2024-12-26,7000000.0,12000000.0,9500000.0,chuyên viên hỗ trợ kỹ thuật
30,CareerLink,CÔNG TY TNHH QUICK VIỆT NAM,Nhân viên,Cử nhân,2,hồ chí minh,2024-12-27,15000000.0,25000000.0,20000000.0,kỹ sư phần mềm
36,CareerLink,Công Ty Cổ Phần Bán Lẻ Kỹ Thuật Số FPT,Nhân viên,Trung học,0,bạc liêu,2024-12-27,8000000.0,12000000.0,10000000.0,chuyên viên hỗ trợ kỹ thuật
304,CareerLink,CÔNG TY TNHH DAIWA VIỆT NAM,Nhân viên,Cử nhân,0,đà nẵng,2024-12-27,7000000.0,10000000.0,8500000.0,chuyên viên hỗ trợ kỹ thuật
580,Việclàm24h,Công Ty TNHH Develop.Software,Chuyên viên- nhân viên,Không yêu cầu,0,tp.hcm,2024-12-27,8000000.0,15000000.0,11500000.0,kỹ sư phần mềm
447,CareerLink,Beetechsoft,Nhân viên,Cử nhân,2,hồ chí minh,2024-12-27,10000000.0,40000000.0,25000000.0,kỹ sư phần mềm
277,CareerLink,CÔNG TY CỔ PHẦN GIẢI PHÁP KINH DOANH NỀN TẢNG,Nhân viên,Cử nhân,2,hồ chí minh,2024-12-27,17000000.0,25000000.0,21000000.0,kỹ sư triển khai voip
637,Việclàm24h,Công Ty Cổ Phần Sản Xuất Thương Mại Và Dịch Vụ Thép Vts,Chuyên viên- nhân viên,Không yêu cầu,0,long an,2024-12-27,10000000.0,12000000.0,11000000.0,vận hành
483,CareerLink,CÔNG TY CỔ PHẦN XÂY DỰNG VÀ ĐẦU TƯ THƯƠNG MẠI HOÀNG HÀ,Nhân viên,Trung học,0,đồng nai,2024-12-27,6000000.0,8000000.0,7000000.0,chuyên viên hỗ trợ kỹ thuật
630,Việclàm24h,Công Ty Cổ Phần Đầu Tư Và Công Nghiệp Tân Tạo - Tập Đoàn Tân Tạo (Itaco),Chuyên viên- nhân viên,Không yêu cầu,1,long an,2024-12-27,12000000.0,15000000.0,13500000.0,nhân viên bảo đảm chất lượng
638,Việclàm24h,Công Ty TNHH Công Nghệ & Đào Tạo Kai Group,Chuyên viên- nhân viên,Không yêu cầu,0,bắc giang,2024-12-27,7000000.0,15000000.0,11000000.0,công nghệ thông tin
631,Việclàm24h,Công Ty Cổ Phần Đầu Tư Và Công Nghiệp Tân Tạo - Tập Đoàn Tân Tạo (Itaco),Chuyên viên- nhân viên,Không yêu cầu,1,long an,2024-12-27,12000000.0,16000000.0,14000000.0,nhân viên khảo thí
637,Việclàm24h,Công Ty Cổ Phần Sản Xuất Thương Mại Và Dịch Vụ Thép Vts,Chuyên viên- nhân viên,Không yêu cầu,0,tp.hcm,2024-12-27,10000000.0,12000000.0,11000000.0,vận hành
144,CareerLink,Công Ty Cổ Phần Bán Lẻ Kỹ Thuật Số FPT,Nhân viên,Trung học,0,bắc giang,2024-12-27,7000000.0,10000000.0,8500000.0,chuyên viên hỗ trợ kỹ thuật
31,CareerLink,Công ty TNHH Điện Tử Sumida Việt Nam,Nhân viên,Cử nhân,1,hải phòng,2024-12-27,12000000.0,13000000.0,12500000.0,chuyên viên hỗ trợ kỹ thuật
636,Việclàm24h,Công Ty TNHH Xây Dựng Thương Mại Sản Xuất Trang Trí Nội Thất Gia Bảo,Chuyên viên- nhân viên,Không yêu cầu,1,tp.hcm,2024-12-27,7000000.0,15000000.0,11000000.0,nhân viên seo web
633,Việclàm24h,Công Ty Cổ Phần Trang Trại Tomita Việt Nam,Chuyên viên- nhân viên,Không yêu cầu,0,hà nội,2024-12-27,8000000.0,10000000.0,9000000.0,chuyên viên hỗ trợ kỹ thuật
634,Việclàm24h,Công Ty TNHH Cocreation Grass Corporation Việt Nam,Chuyên viên- nhân viên,Cử nhân,0,tây ninh,2024-12-27,9000000.0,12000000.0,10500000.0,công nghệ thông tin
262,CareerLink,CÔNG TY CỔ PHẦN DILIGO HOLDINGS,Nhân viên,Cử nhân,2,hà nội,2024-12-27,10000000.0,18000000.0,14000000.0,nhà phân tích dữ liệu
403,CareerLink,Công Ty TNHH Luxstay Việt Nam,Nhân viên,Cử nhân,2,hà nội,2024-12-27,12000000.0,20000000.0,16000000.0,kỹ sư kiểm thử phần mềm
212,CareerLink,Công Ty Cổ Phần Gỗ An Cường,Nhân viên,Cử nhân,2,bình dương,2024-12-27,10000000.0,18000000.0,14000000.0,kỹ sư phần mềm
632,Việclàm24h,Công Ty Cổ Phần Az Technologies,Chuyên viên- nhân viên,Cử nhân,0,tp.hcm,2024-12-27,3000000.0,4000000.0,3500000.0,công nghệ thông tin
157,CareerLink,Công Ty Cổ Phần Bán Lẻ Kỹ Thuật Số FPT,Nhân viên,Trung học,0,quảng ngãi,2024-12-27,6000000.0,9000000.0,7500000.0,chuyên viên hỗ trợ kỹ thuật
251,CareerLink,Công Ty Cổ Phần Bán Lẻ Kỹ Thuật Số FPT,Nhân viên,Trung học,0,bình định,2024-12-27,5000000.0,10000000.0,7500000.0,chuyên viên hỗ trợ kỹ thuật
279,CareerLink,CÔNG TY CỔ PHẦN GIẢI PHÁP KINH DOANH NỀN TẢNG,Nhân viên,Cử nhân,1,hồ chí minh,2024-12-27,25000000.0,37000000.0,31000000.0,kỹ sư phần mềm
627,Việclàm24h,Công Ty Cổ Phần Công Nghệ Lami Việt Nam,Chuyên viên- nhân viên,Trung cấp,0,hà nội,2024-12-28,8000000.0,15000000.0,11500000.0,chuyên viên hỗ trợ kỹ thuật
960,Careerviet,CÔNG TY CỔ PHẦN THIẾT KẾ VÀ QUẢN LÝ KỸ THUẬT IMP,Nhân viên,Không yêu cầu,1,bình dương,2024-12-28,11000000.0,15000000.0,13000000.0,kỹ sư phần mềm
625,Việclàm24h,Công Ty TNHH DV& TM Giải Pháp Kỹ Thuật Công Nghiệp Việt Nam,Chuyên viên- nhân viên,Không yêu cầu,1,hà nội,2024-12-28,15000000.0,30000000.0,22500000.0,kỹ sư phần mềm
338,CareerLink,CÔNG TY CỔ PHẦN CÔNG NGHỆ & SÁNG TẠO TRẺ TEKY HOLDINGS,Nhân viên,Cử nhân,1,hải phòng,2024-12-28,8000000.0,12000000.0,10000000.0,giảng viên
993,Careerviet,Công ty Cổ phần CANIFA,Nhân viên,Không yêu cầu,1,hà nội,2024-12-28,8000000.0,16000000.0,12000000.0,nhân viên phân tích nghiệp vụ erp
1008,Careerviet,Vietmap - Công ty Cổ phần Ứng Dụng Bản Đồ Việt,Nhân viên,Không yêu cầu,1,hà nội,2024-12-28,10000000.0,15000000.0,12500000.0,chuyên viên hỗ trợ kỹ thuật
336,CareerLink,CÔNG TY CỔ PHẦN CÔNG NGHỆ & SÁNG TẠO TRẺ TEKY HOLDINGS,Nhân viên,Cử nhân,1,hải phòng,2024-12-28,8000000.0,12000000.0,10000000.0,giảng viên
1003,Careerviet,CÔNG TY TNHH TRANSCOSMOS VIỆT NAM,Trưởng nhóm / Giám sát,Không yêu cầu,1,hồ chí minh,2024-12-28,25000000.0,35000000.0,30000000.0,kỹ sư phần mềm
60,CareerLink,CareerLink's Client,Nhân viên,Cử nhân,1,hồ chí minh,2024-12-28,15000000.0,20000000.0,17500000.0,công nghệ thông tin
1001,Careerviet,CÔNG TY CỔ PHẦN THIẾT KẾ VÀ QUẢN LÝ KỸ THUẬT IMP,Nhân viên,Không yêu cầu,1,bình dương,2024-12-28,11000000.0,15000000.0,13000000.0,kỹ sư phần mềm
992,Careerviet,CÔNG TY CỔ PHẦN TẬP ĐOÀN CÔNG NGHỆ OMMANI,Nhân viên,Không yêu cầu,1,hà nội,2024-12-28,12000000.0,15000000.0,13500000.0,công nghệ thông tin
1009,Careerviet,Công ty CP IIG Việt Nam,Nhân viên,Không yêu cầu,2,hà nội,2024-12-28,15000000.0,25000000.0,20000000.0,kỹ sư phần mềm
334,CareerLink,Công Ty Cổ Phần Anvy,Nhân viên,Cử nhân,2,hưng yên,2024-12-28,12000000.0,18000000.0,15000000.0,chuyên viên hỗ trợ kỹ thuật
457,CareerLink,CÔNG TY CỔ PHẦN ĐẦU TƯ PHÁT TRIỂN MÁY VIỆT NAM,Nhân viên,Cử nhân,2,hà nội,2024-12-28,15000000.0,22000000.0,18500000.0,nhân viên phân tích nghiệp vụ ba
490,CareerLink,Công ty TNHH Lisod Việt Nam,Nhân viên,Cử nhân,1,hà nội,2024-12-28,10000000.0,16000000.0,13000000.0,nhân viên qc
258,CareerLink,CÔNG TY CỔ PHẦN XÂY DỰNG VÀ ĐẦU TƯ THƯƠNG MẠI HOÀNG HÀ,Nhân viên,chứng chỉ,0,bạc liêu,2024-12-28,2300000.0,3000000.0,2650000.0,chuyên viên hỗ trợ kỹ thuật
283,CareerLink,CÔNG TY CỔ PHẦN GIẢI PHÁP KINH DOANH NỀN TẢNG,Nhân viên,Cử nhân,1,hồ chí minh,2024-12-28,10000000.0,20000000.0,15000000.0,kỹ sư phần mềm
414,CareerLink,Công Ty TNHH Luxstay Việt Nam,Kỹ thuật viên / Kỹ sư,Cử nhân,2,hà nội,2024-12-28,20000000.0,35000000.0,27500000.0,kỹ sư phần mềm
209,CareerLink,FPT Telecom,Nhân viên,Trung cấp,0,quảng bình,2024-12-28,8000000.0,20000000.0,14000000.0,chuyên viên hỗ trợ kỹ thuật
288,CareerLink,Công Ty TNHH Phần mềm DTS Việt Nam,Sinh viên / Thực tập sinh,Cử nhân,0,hà nội,2024-12-28,2000000.0,5000000.0,3500000.0,công nghệ thông tin
27,CareerLink,CÔNG TY CỔ PHẦN KINH DOANH F88,Nhân viên,Cử nhân,3,hà nội,2024-12-28,15000000.0,25000000.0,20000000.0,nhà khoa học dữ liệu
25,CareerLink,CÔNG TY CỔ PHẦN KINH DOANH F88,Nhân viên,Cử nhân,2,hà nội,2024-12-28,15000000.0,25000000.0,20000000.0,kỹ sư dữ liệu
143,CareerLink,FPT Telecom,Sinh viên / Thực tập sinh,Cử nhân,0,hồ chí minh,2024-12-28,7000000.0,10000000.0,8500000.0,kỹ sư phần mềm
29,CareerLink,CÔNG TY CỔ PHẦN KINH DOANH F88,Nhân viên,Cử nhân,3,hà nội,2024-12-28,20000000.0,35000000.0,27500000.0,nhà phân tích dữ liệu
136,CareerLink,Công Ty Cổ Phần Bán Lẻ Kỹ Thuật Số FPT,Nhân viên,Trung học,0,quảng nam,2024-12-28,6000000.0,11000000.0,8500000.0,chuyên viên hỗ trợ kỹ thuật
132,CareerLink,Công Ty Cổ Phần Bán Lẻ Kỹ Thuật Số FPT,Nhân viên,Trung học,0,gia lai,2024-12-28,5000000.0,9000000.0,7000000.0,chuyên viên hỗ trợ kỹ thuật
312,CareerLink,CÔNG TY TNHH SAINT - HONORE ĐẦU TƯ VÀ THƯƠNG MẠI,Nhân viên,Cử nhân,1,hà nội,2024-12-28,7000000.0,10000000.0,8500000.0,chuyên viên hỗ trợ kỹ thuật
369,CareerLink,CÔNG TY CỔ PHẦN 88 GROUP (LAPTOP88),Nhân viên,Trung cấp,0,hà nội,2024-12-28,7000000.0,10000000.0,8500000.0,chuyên viên hỗ trợ kỹ thuật
324,CareerLink,TẬP ĐOÀN KAROFI HOLDING,Nhân viên,Cử nhân,1,hà nội,2024-12-28,10000000.0,18000000.0,14000000.0,công nghệ thông tin
142,CareerLink,CÔNG TY TNHH QUICK VIỆT NAM,Nhân viên,Cử nhân,2,hồ chí minh,2024-12-28,25000000.0,35000000.0,30000000.0,kỹ sư phần mềm
187,CareerLink,Công Ty Cổ Phần Bán Lẻ Kỹ Thuật Số FPT,Nhân viên,Trung học,0,lâm đồng,2024-12-28,7000000.0,10000000.0,8500000.0,chuyên viên hỗ trợ kỹ thuật
284,CareerLink,CÔNG TY CỔ PHẨN VIETNAM TICKETS,Nhân viên,Cử nhân,2,hồ chí minh,2024-12-29,10000000.0,25000000.0,17500000.0,kỹ sư học máy
409,CareerLink,Công Ty TNHH Luxstay Việt Nam,Nhân viên,Cử nhân,2,hà nội,2024-12-29,20000000.0,35000000.0,27500000.0,kỹ sư phần mềm
371,CareerLink,BSS Group,Mới đi làm,Cử nhân,1,hà nội,2024-12-29,8000000.0,14000000.0,11000000.0,customer support executive
370,CareerLink,CÔNG TY CỔ PHẦN 88 GROUP (LAPTOP88),Nhân viên,Trung cấp,0,hà nội,2024-12-29,7000000.0,10000000.0,8500000.0,chuyên viên hỗ trợ kỹ thuật
247,CareerLink,Công Ty Cổ Phần Bán Lẻ Kỹ Thuật Số FPT,Nhân viên,Trung học,0,khánh hòa,2024-12-29,6000000.0,10000000.0,8000000.0,chuyên viên hỗ trợ kỹ thuật
58,CareerLink,FPT Telecom,Nhân viên,Cử nhân,1,hồ chí minh,2024-12-29,15000000.0,18000000.0,16500000.0,nhà thiết kế
35,CareerLink,CareerLink's Client,Nhân viên,Cử nhân,2,hồ chí minh,2024-12-30,13000000.0,27000000.0,20000000.0,kỹ sư kiểm thử phần mềm
17,CareerLink,Công Ty Cổ Phần Bán Lẻ Kỹ Thuật Số FPT,Nhân viên,Trung cấp,0,hà nội,2024-12-30,8000000.0,15000000.0,11500000.0,chuyên viên hỗ trợ kỹ thuật
19,CareerLink,CareerLink's Client,Nhân viên,Cử nhân,2,hồ chí minh,2024-12-30,10000000.0,15000000.0,12500000.0,game operator
495,CareerLink,Công ty TNHH Lisod Việt Nam,Nhân viên,Cử nhân,2,hà nội,2024-12-30,15000000.0,25000000.0,20000000.0,công nghệ thông tin
435,CareerLink,TRƯỜNG TIỂU HỌC TRUNG HỌC CƠ SỞ VÀ TRUNG HỌC PHỔ THÔNG HỒNG ĐỨC,Nhân viên,Cử nhân,1,hưng yên,2024-12-30,10000000.0,12000000.0,11000000.0,giảng viên
422,CareerLink,N-TEK DISTRIBUTION TECHNOLOGY COMPANY LIMITED,Nhân viên,Cử nhân,2,hồ chí minh,2024-12-30,10000000.0,20000000.0,15000000.0,chuyên viên hỗ trợ kỹ thuật
372,CareerLink,CÔNG TY CỔ PHẦN 88 GROUP (LAPTOP88),Nhân viên,Trung cấp,0,hà nội,2024-12-30,7000000.0,10000000.0,8500000.0,chuyên viên hỗ trợ kỹ thuật
332,CareerLink,CÔNG TY CP BIA & NGK HẠ LONG,Nhân viên,Cử nhân,1,hà nội,2024-12-30,12000000.0,16000000.0,14000000.0,nhà thiết kế
329,CareerLink,CÔNG TY CỔ PHẦN CÔNG NGHỆ CYBER EYE,Nhân viên,Cử nhân,2,hà nội,2024-12-30,15000000.0,25000000.0,20000000.0,kỹ sư kiểm thử phần mềm
320,CareerLink,Công Ty Cổ Phần Anvy,Nhân viên,Cử nhân,2,hà nội,2024-12-30,20000000.0,30000000.0,25000000.0,kỹ sư phần mềm
271,CareerLink,CÔNG TY CỔ PHẦN ĐẦU TƯ PHÁT TRIỂN MÁY VIỆT NAM,Nhân viên,Cử nhân,2,hà nội,2024-12-30,15000000.0,18000000.0,16500000.0,nhà phân tích dữ liệu
266,CareerLink,CÔNG TY CỔ PHẦN THỰC PHẨM GN,Nhân viên,Cử nhân,1,hồ chí minh long an,2024-12-30,8000000.0,12000000.0,10000000.0,chuyên viên hỗ trợ kỹ thuật
214,CareerLink,Công Ty Cổ Phần Bán Lẻ Kỹ Thuật Số FPT,Nhân viên,Trung học,0,khánh hòa,2024-12-30,6000000.0,10000000.0,8000000.0,chuyên viên hỗ trợ kỹ thuật
199,CareerLink,CareerLink's Client,Kỹ thuật viên / Kỹ sư,Cử nhân,2,hồ chí minh,2024-12-30,17000000.0,25000000.0,21000000.0,kỹ sư phần mềm
184,CareerLink,Công Ty Cổ Phần Bán Lẻ Kỹ Thuật Số FPT,Nhân viên,Trung học,0,quảng ngãi,2024-12-30,6000000.0,10000000.0,8000000.0,chuyên viên hỗ trợ kỹ thuật
139,CareerLink,Công Ty Cổ Phần Bán Lẻ Kỹ Thuật Số FPT,Nhân viên,Trung học,0,bắc giang,2024-12-30,7000000.0,12000000.0,9500000.0,chuyên viên hỗ trợ kỹ thuật
130,CareerLink,Công Ty Cổ Phần Bán Lẻ Kỹ Thuật Số FPT,Nhân viên,Trung học,0,tiền giang,2024-12-30,8000000.0,12000000.0,10000000.0,chuyên viên hỗ trợ kỹ thuật
99,CareerLink,CÔNG TY CỔ PHẦN DỊCH VỤ KỸ THUẬT MOBIFONE,Kỹ thuật viên / Kỹ sư,kỹ sư,0,đăk nông,2024-12-30,6000000.0,6500000.0,6250000.0,kỹ sư mạng
87,CareerLink,CÔNG TY CỔ PHẦN TẬP ĐOÀN AUSTDOOR,Nhân viên,Cử nhân,2,hà nội,2024-12-30,20000000.0,30000000.0,25000000.0,chuyên viên tư vấn cntt
79,CareerLink,CÔNG TY CỔ PHẦN TRUYỀN THÔNG VÀNG CHÂU Á,Nhân viên,Cử nhân,1,hồ chí minh,2024-12-30,12000000.0,15000000.0,13500000.0,chuyên viên hỗ trợ kỹ thuật
77,CareerLink,Công Ty Cổ Phần Bán Lẻ Kỹ Thuật Số FPT,Nhân viên,Trung học,0,gia lai,2024-12-30,6000000.0,11000000.0,8500000.0,chuyên viên hỗ trợ kỹ thuật
289,CareerLink,CÔNG TY CỔ PHẦN GIẢI PHÁP KINH DOANH NỀN TẢNG,Kỹ thuật viên / Kỹ sư,Cử nhân,2,hồ chí minh,2024-12-30,15000000.0,25000000.0,20000000.0,kỹ sư phần mềm
8,CareerLink,CareerLink's Client,Nhân viên,Cử nhân,0,hà nội,2024-12-30,20000000.0,25000000.0,22500000.0,kỹ sư phần mềm
12,CareerLink,CareerLink's Client,Nhân viên,Cử nhân,2,hồ chí minh,2024-12-31,25000000.0,35000000.0,30000000.0,nhà thiết kế
10,CareerLink,CareerLink's Client,Nhân viên,Cử nhân,2,hồ chí minh,2024-12-31,19000000.0,25000000.0,22000000.0,kỹ sư phần mềm
